Rk,Squad,MP,W,D,L,GF,GA,GD,Pts,Pts/MP,Attendance,Top Team Scorer,Goalkeeper,Notes
1,Bayern Munich,34,27,3,4,92,28,+64,84,2.47,75000,Robert Lewandowski - 29,Sven Ulreich,→ Champions League via league finish
2,Schalke 04,34,18,9,7,53,37,+16,63,1.85,61297,Guido Burgstaller - 11,Ralf Fährmann,→ Champions League via league finish
3,Hoffenheim,34,15,10,9,66,48,+18,55,1.62,28716,Mark Uth - 14,Oliver Baumann,→ Champions League via league finish
4,Dortmund,34,15,10,9,64,47,+17,55,1.62,79496,Pierre-Emerick Aubameyang - 13,Roman Bürki,→ Champions League via league finish
5,Leverkusen,34,15,10,9,58,44,+14,55,1.62,28415,Kevin Volland - 14,Bernd Leno,→ Europa League via league finish
6,RB Leipzig,34,15,8,11,57,53,+4,53,1.56,39397,Timo Werner - 13,Péter Gulácsi,→ Europa League via league finish
7,Stuttgart,34,15,6,13,36,36,0,51,1.50,56366,Mario Gómez - 8,Ron-Robert Zieler,
8,Frankfurt,34,14,7,13,45,45,0,49,1.44,49159,Sébastien Haller - 9,Lukáš Hrádecký,
9,Gladbach,34,13,8,13,47,52,-5,47,1.38,50986,Thorgan Hazard - 10,Yann Sommer,
10,Hertha BSC,34,10,13,11,43,46,-3,43,1.26,45319,Salomon Kalou - 12,Rune Jarstein,
11,Werder Bremen,34,10,12,12,37,40,-3,42,1.24,40870,Max Kruse - 6,Jiří Pavlenka,
12,Augsburg,34,10,11,13,43,46,-3,41,1.21,28238,Michael Gregoritsch - 13,Marwin Hitz,
13,Hannover 96,34,10,9,15,44,54,-10,39,1.15,42706,Niclas Füllkrug - 14,Philipp Tschauner,
14,Mainz 05,34,9,9,16,38,52,-14,36,1.06,28766,Yoshinori Mutō - 8,Robin Zentner,
15,Freiburg,34,8,12,14,32,56,-24,36,1.06,23894,Nils Petersen - 15,Alexander Schwolow,
16,Wolfsburg,34,6,15,13,36,48,-12,33,0.97,25712,Daniel Didavi - 9,Koen Casteels,→ German 1/2 Relegation/Promotion play-offs
17,Hamburger SV,34,8,7,19,29,53,-24,31,0.91,50657,Lewis Holtby - 6,Christian Mathenia,Relegated
18,Köln,34,5,7,22,35,70,-35,22,0.65,48776,Leonardo Bittencourt Simon Terodde - 5,Timo Horn,Relegated