league,season,team_footballdata,faltes_comeses_footballdata,faltes_rebudes_footballdata,team
ENG-Premier League,1415,Arsenal,377.0,441.0,Arsenal
ENG-Premier League,1415,Leicester,457.0,381.0,Leicester City
ENG-Premier League,1415,Man United,453.0,416.0,Manchester Utd
ENG-Premier League,1415,QPR,447.0,416.0,QPR
ENG-Premier League,1415,Stoke,486.0,428.0,Stoke City
ENG-Premier League,1415,West Brom,423.0,419.0,West Brom
ENG-Premier League,1415,West Ham,420.0,440.0,West Ham
ENG-Premier League,1415,Liverpool,385.0,488.0,Liverpool
ENG-Premier League,1415,Newcastle,433.0,462.0,Newcastle
ENG-Premier League,1415,Burnley,406.0,420.0,Burnley
ENG-Premier League,1415,Aston Villa,400.0,442.0,Aston Villa
ENG-Premier League,1415,Chelsea,382.0,448.0,Chelsea
ENG-Premier League,1415,Crystal Palace,527.0,451.0,Crystal Palace
ENG-Premier League,1415,Everton,388.0,470.0,Everton
ENG-Premier League,1415,Southampton,468.0,417.0,Southampton
ENG-Premier League,1415,Swansea,398.0,492.0,Swansea City
ENG-Premier League,1415,Hull,451.0,422.0,Hull City
ENG-Premier League,1415,Sunderland,435.0,465.0,Sunderland
ENG-Premier League,1415,Tottenham,441.0,392.0,Tottenham
ENG-Premier League,1415,Man City,445.0,312.0,Manchester City
ENG-Premier League,1516,Bournemouth,362.0,402.0,Bournemouth
ENG-Premier League,1516,Chelsea,408.0,497.0,Chelsea
ENG-Premier League,1516,Everton,315.0,425.0,Everton
ENG-Premier League,1516,Leicester,405.0,373.0,Leicester City
ENG-Premier League,1516,Man United,472.0,374.0,Manchester Utd
ENG-Premier League,1516,Norwich,417.0,327.0,Norwich City
ENG-Premier League,1516,Arsenal,350.0,448.0,Arsenal
ENG-Premier League,1516,Newcastle,414.0,383.0,Newcastle
ENG-Premier League,1516,Stoke,419.0,402.0,Stoke City
ENG-Premier League,1516,West Brom,392.0,412.0,West Brom
ENG-Premier League,1516,Aston Villa,431.0,376.0,Aston Villa
ENG-Premier League,1516,Southampton,416.0,375.0,Southampton
ENG-Premier League,1516,Sunderland,396.0,403.0,Sunderland
ENG-Premier League,1516,Swansea,392.0,468.0,Swansea City
ENG-Premier League,1516,Tottenham,452.0,403.0,Tottenham
ENG-Premier League,1516,Watford,460.0,397.0,Watford
ENG-Premier League,1516,West Ham,381.0,467.0,West Ham
ENG-Premier League,1516,Crystal Palace,465.0,450.0,Crystal Palace
ENG-Premier League,1516,Man City,409.0,402.0,Manchester City
ENG-Premier League,1516,Liverpool,422.0,394.0,Liverpool
ENG-Premier League,1617,Burnley,426.0,422.0,Burnley
ENG-Premier League,1617,Crystal Palace,469.0,476.0,Crystal Palace
ENG-Premier League,1617,Everton,459.0,432.0,Everton
ENG-Premier League,1617,Hull,403.0,403.0,Hull City
ENG-Premier League,1617,Man City,395.0,435.0,Manchester City
ENG-Premier League,1617,Middlesbrough,478.0,413.0,Middlesbrough
ENG-Premier League,1617,Southampton,424.0,427.0,Southampton
ENG-Premier League,1617,Arsenal,397.0,400.0,Arsenal
ENG-Premier League,1617,Bournemouth,366.0,495.0,Bournemouth
ENG-Premier League,1617,Chelsea,394.0,491.0,Chelsea
ENG-Premier League,1617,Man United,497.0,457.0,Manchester Utd
ENG-Premier League,1617,Leicester,451.0,341.0,Leicester City
ENG-Premier League,1617,Stoke,434.0,453.0,Stoke City
ENG-Premier League,1617,Swansea,401.0,438.0,Swansea City
ENG-Premier League,1617,Tottenham,432.0,471.0,Tottenham
ENG-Premier League,1617,Watford,517.0,438.0,Watford
ENG-Premier League,1617,West Brom,449.0,358.0,West Brom
ENG-Premier League,1617,Sunderland,437.0,406.0,Sunderland
ENG-Premier League,1617,West Ham,408.0,477.0,West Ham
ENG-Premier League,1617,Liverpool,397.0,401.0,Liverpool
ENG-Premier League,1718,Arsenal,383.0,391.0,Arsenal
ENG-Premier League,1718,Brighton,413.0,293.0,Brighton
ENG-Premier League,1718,Chelsea,363.0,417.0,Chelsea
ENG-Premier League,1718,Crystal Palace,425.0,414.0,Crystal Palace
ENG-Premier League,1718,Everton,459.0,383.0,Everton
ENG-Premier League,1718,Southampton,416.0,397.0,Southampton
ENG-Premier League,1718,Watford,441.0,393.0,Watford
ENG-Premier League,1718,West Brom,440.0,365.0,West Brom
ENG-Premier League,1718,Man United,404.0,435.0,Manchester Utd
ENG-Premier League,1718,Newcastle,409.0,389.0,Newcastle
ENG-Premier League,1718,Bournemouth,339.0,439.0,Bournemouth
ENG-Premier League,1718,Burnley,350.0,441.0,Burnley
ENG-Premier League,1718,Leicester,365.0,367.0,Leicester City
ENG-Premier League,1718,Liverpool,344.0,324.0,Liverpool
ENG-Premier League,1718,Stoke,436.0,392.0,Stoke City
ENG-Premier League,1718,Swansea,377.0,414.0,Swansea City
ENG-Premier League,1718,Huddersfield,396.0,377.0,Huddersfield
ENG-Premier League,1718,Tottenham,384.0,407.0,Tottenham
ENG-Premier League,1718,Man City,344.0,366.0,Manchester City
ENG-Premier League,1718,West Ham,379.0,463.0,West Ham
ENG-Premier League,1819,Man United,433.0,409.0,Manchester Utd
ENG-Premier League,1819,Bournemouth,339.0,455.0,Bournemouth
ENG-Premier League,1819,Fulham,423.0,354.0,Fulham
ENG-Premier League,1819,Huddersfield,420.0,384.0,Huddersfield
ENG-Premier League,1819,Newcastle,422.0,349.0,Newcastle
ENG-Premier League,1819,Watford,433.0,403.0,Watford
ENG-Premier League,1819,Wolves,409.0,334.0,Wolves
ENG-Premier League,1819,Arsenal,412.0,469.0,Arsenal
ENG-Premier League,1819,Liverpool,315.0,366.0,Liverpool
ENG-Premier League,1819,Southampton,420.0,351.0,Southampton
ENG-Premier League,1819,Cardiff,384.0,415.0,Cardiff City
ENG-Premier League,1819,Chelsea,339.0,431.0,Chelsea
ENG-Premier League,1819,Everton,432.0,440.0,Everton
ENG-Premier League,1819,Leicester,351.0,401.0,Leicester City
ENG-Premier League,1819,Tottenham,375.0,386.0,Tottenham
ENG-Premier League,1819,West Ham,331.0,401.0,West Ham
ENG-Premier League,1819,Brighton,463.0,322.0,Brighton
ENG-Premier League,1819,Burnley,359.0,376.0,Burnley
ENG-Premier League,1819,Man City,328.0,320.0,Manchester City
ENG-Premier League,1819,Crystal Palace,386.0,408.0,Crystal Palace
ENG-Premier League,1920,Liverpool,331.0,322.0,Liverpool
ENG-Premier League,1920,West Ham,387.0,356.0,West Ham
ENG-Premier League,1920,Bournemouth,369.0,419.0,Bournemouth
ENG-Premier League,1920,Burnley,412.0,394.0,Burnley
ENG-Premier League,1920,Crystal Palace,425.0,495.0,Crystal Palace
ENG-Premier League,1920,Watford,484.0,356.0,Watford
ENG-Premier League,1920,Tottenham,423.0,442.0,Tottenham
ENG-Premier League,1920,Leicester,418.0,460.0,Leicester City
ENG-Premier League,1920,Newcastle,370.0,434.0,Newcastle
ENG-Premier League,1920,Man United,433.0,450.0,Manchester Utd
ENG-Premier League,1920,Arsenal,421.0,459.0,Arsenal
ENG-Premier League,1920,Aston Villa,451.0,543.0,Aston Villa
ENG-Premier League,1920,Brighton,385.0,340.0,Brighton
ENG-Premier League,1920,Everton,472.0,410.0,Everton
ENG-Premier League,1920,Norwich,363.0,444.0,Norwich City
ENG-Premier League,1920,Southampton,450.0,414.0,Southampton
ENG-Premier League,1920,Man City,361.0,312.0,Manchester City
ENG-Premier League,1920,Sheffield United,410.0,326.0,Sheffield United
ENG-Premier League,1920,Chelsea,386.0,397.0,Chelsea
ENG-Premier League,1920,Wolves,406.0,384.0,Wolves
ENG-Premier League,2021,Fulham,484.0,387.0,Fulham
ENG-Premier League,2021,Crystal Palace,409.0,438.0,Crystal Palace
ENG-Premier League,2021,Liverpool,396.0,355.0,Liverpool
ENG-Premier League,2021,West Ham,374.0,367.0,West Ham
ENG-Premier League,2021,West Brom,404.0,430.0,West Brom
ENG-Premier League,2021,Tottenham,439.0,494.0,Tottenham
ENG-Premier League,2021,Brighton,427.0,376.0,Brighton
ENG-Premier League,2021,Sheffield United,459.0,304.0,Sheffield United
ENG-Premier League,2021,Everton,386.0,409.0,Everton
ENG-Premier League,2021,Leeds,427.0,432.0,Leeds United
ENG-Premier League,2021,Man United,452.0,411.0,Manchester Utd
ENG-Premier League,2021,Arsenal,345.0,421.0,Arsenal
ENG-Premier League,2021,Southampton,426.0,438.0,Southampton
ENG-Premier League,2021,Newcastle,388.0,432.0,Newcastle
ENG-Premier League,2021,Chelsea,433.0,377.0,Chelsea
ENG-Premier League,2021,Leicester,416.0,440.0,Leicester City
ENG-Premier League,2021,Aston Villa,439.0,567.0,Aston Villa
ENG-Premier League,2021,Wolves,425.0,404.0,Wolves
ENG-Premier League,2021,Burnley,384.0,403.0,Burnley
ENG-Premier League,2021,Man City,361.0,389.0,Manchester City
ENG-Premier League,2122,Brentford,371.0,377.0,Brentford
ENG-Premier League,2122,Man United,395.0,333.0,Manchester Utd
ENG-Premier League,2122,Burnley,394.0,339.0,Burnley
ENG-Premier League,2122,Chelsea,409.0,405.0,Chelsea
ENG-Premier League,2122,Everton,368.0,401.0,Everton
ENG-Premier League,2122,Leicester,356.0,405.0,Leicester City
ENG-Premier League,2122,Watford,440.0,363.0,Watford
ENG-Premier League,2122,Norwich,356.0,443.0,Norwich City
ENG-Premier League,2122,Newcastle,391.0,382.0,Newcastle
ENG-Premier League,2122,Tottenham,386.0,412.0,Tottenham
ENG-Premier League,2122,Liverpool,363.0,311.0,Liverpool
ENG-Premier League,2122,Aston Villa,401.0,512.0,Aston Villa
ENG-Premier League,2122,Crystal Palace,415.0,500.0,Crystal Palace
ENG-Premier League,2122,Leeds,469.0,386.0,Leeds United
ENG-Premier League,2122,Man City,320.0,341.0,Manchester City
ENG-Premier League,2122,Brighton,393.0,372.0,Brighton
ENG-Premier League,2122,Southampton,402.0,377.0,Southampton
ENG-Premier League,2122,Wolves,365.0,354.0,Wolves
ENG-Premier League,2122,Arsenal,363.0,376.0,Arsenal
ENG-Premier League,2122,West Ham,324.0,292.0,West Ham
ENG-Premier League,2223,Crystal Palace,446.0,487.0,Crystal Palace
ENG-Premier League,2223,Fulham,411.0,419.0,Fulham
ENG-Premier League,2223,Bournemouth,391.0,375.0,Bournemouth
ENG-Premier League,2223,Leeds,456.0,421.0,Leeds United
ENG-Premier League,2223,Newcastle,406.0,419.0,Newcastle
ENG-Premier League,2223,Tottenham,423.0,380.0,Tottenham
ENG-Premier League,2223,Everton,396.0,401.0,Everton
ENG-Premier League,2223,Leicester,411.0,410.0,Leicester City
ENG-Premier League,2223,Man United,423.0,310.0,Manchester Utd
ENG-Premier League,2223,West Ham,361.0,327.0,West Ham
ENG-Premier League,2223,Aston Villa,417.0,497.0,Aston Villa
ENG-Premier League,2223,Arsenal,373.0,457.0,Arsenal
ENG-Premier League,2223,Brighton,426.0,426.0,Brighton
ENG-Premier League,2223,Man City,347.0,402.0,Manchester City
ENG-Premier League,2223,Southampton,430.0,399.0,Southampton
ENG-Premier League,2223,Wolves,463.0,414.0,Wolves
ENG-Premier League,2223,Brentford,354.0,414.0,Brentford
ENG-Premier League,2223,Nott'm Forest,445.0,414.0,Nottingham
ENG-Premier League,2223,Chelsea,397.0,467.0,Chelsea
ENG-Premier League,2223,Liverpool,405.0,342.0,Liverpool
ENG-Premier League,2324,Burnley,427.0,368.0,Burnley
ENG-Premier League,2324,Arsenal,391.0,407.0,Arsenal
ENG-Premier League,2324,Bournemouth,506.0,396.0,Bournemouth
ENG-Premier League,2324,Brighton,414.0,461.0,Brighton
ENG-Premier League,2324,Everton,457.0,373.0,Everton
ENG-Premier League,2324,Sheffield United,423.0,329.0,Sheffield United
ENG-Premier League,2324,Newcastle,385.0,482.0,Newcastle
ENG-Premier League,2324,Brentford,384.0,434.0,Brentford
ENG-Premier League,2324,Chelsea,445.0,464.0,Chelsea
ENG-Premier League,2324,Man United,398.0,352.0,Manchester Utd
ENG-Premier League,2324,Nott'm Forest,428.0,383.0,Nottingham
ENG-Premier League,2324,Fulham,384.0,385.0,Fulham
ENG-Premier League,2324,Liverpool,462.0,392.0,Liverpool
ENG-Premier League,2324,Wolves,477.0,419.0,Wolves
ENG-Premier League,2324,Tottenham,425.0,530.0,Tottenham
ENG-Premier League,2324,Man City,287.0,421.0,Manchester City
ENG-Premier League,2324,Aston Villa,413.0,483.0,Aston Villa
ENG-Premier League,2324,West Ham,390.0,407.0,West Ham
ENG-Premier League,2324,Crystal Palace,456.0,440.0,Crystal Palace
ENG-Premier League,2324,Luton,443.0,469.0,Luton Town
ENG-Premier League,2425,Man United,413.0,385.0,Manchester Utd
ENG-Premier League,2425,Ipswich,430.0,414.0,Ipswich Town
ENG-Premier League,2425,Arsenal,400.0,406.0,Arsenal
ENG-Premier League,2425,Everton,430.0,385.0,Everton
ENG-Premier League,2425,Newcastle,394.0,463.0,Newcastle
ENG-Premier League,2425,Nott'm Forest,391.0,433.0,Nottingham
ENG-Premier League,2425,West Ham,443.0,410.0,West Ham
ENG-Premier League,2425,Brentford,319.0,365.0,Brentford
ENG-Premier League,2425,Chelsea,436.0,457.0,Chelsea
ENG-Premier League,2425,Leicester,420.0,403.0,Leicester City
ENG-Premier League,2425,Brighton,438.0,427.0,Brighton
ENG-Premier League,2425,Crystal Palace,417.0,418.0,Crystal Palace
ENG-Premier League,2425,Fulham,432.0,371.0,Fulham
ENG-Premier League,2425,Man City,287.0,387.0,Manchester City
ENG-Premier League,2425,Southampton,459.0,435.0,Southampton
ENG-Premier League,2425,Tottenham,446.0,494.0,Tottenham
ENG-Premier League,2425,Aston Villa,406.0,509.0,Aston Villa
ENG-Premier League,2425,Bournemouth,514.0,410.0,Bournemouth
ENG-Premier League,2425,Wolves,480.0,442.0,Wolves
ENG-Premier League,2425,Liverpool,430.0,371.0,Liverpool
ENG-Premier League,2526,Liverpool,383.0,404.0,Liverpool
ENG-Premier League,2526,Aston Villa,379.0,495.0,Aston Villa
ENG-Premier League,2526,Brighton,453.0,383.0,Brighton
ENG-Premier League,2526,Sunderland,407.0,432.0,Sunderland
ENG-Premier League,2526,Tottenham,463.0,386.0,Tottenham
ENG-Premier League,2526,Wolves,494.0,412.0,Wolves
ENG-Premier League,2526,Chelsea,426.0,464.0,Chelsea
ENG-Premier League,2526,Nott'm Forest,407.0,436.0,Nottingham
ENG-Premier League,2526,Man United,391.0,414.0,Manchester Utd
ENG-Premier League,2526,Leeds,398.0,426.0,Leeds United
ENG-Premier League,2526,West Ham,421.0,405.0,West Ham
ENG-Premier League,2526,Man City,367.0,427.0,Manchester City
ENG-Premier League,2526,Bournemouth,457.0,398.0,Bournemouth
ENG-Premier League,2526,Brentford,390.0,354.0,Brentford
ENG-Premier League,2526,Burnley,394.0,348.0,Burnley
ENG-Premier League,2526,Arsenal,391.0,419.0,Arsenal
ENG-Premier League,2526,Crystal Palace,398.0,371.0,Crystal Palace
ENG-Premier League,2526,Everton,405.0,421.0,Everton
ENG-Premier League,2526,Fulham,414.0,375.0,Fulham
ENG-Premier League,2526,Newcastle,386.0,454.0,Newcastle
ESP-La Liga,1415,Almeria,562.0,543.0,Almería
ESP-La Liga,1415,Granada,572.0,514.0,Granada
ESP-La Liga,1415,Malaga,558.0,541.0,Málaga
ESP-La Liga,1415,Sevilla,604.0,527.0,Sevilla
ESP-La Liga,1415,Barcelona,369.0,582.0,Barcelona
ESP-La Liga,1415,Celta,586.0,520.0,Celta Vigo
ESP-La Liga,1415,Eibar,569.0,449.0,Eibar
ESP-La Liga,1415,Levante,557.0,512.0,Levante
ESP-La Liga,1415,Real Madrid,407.0,580.0,Real Madrid
ESP-La Liga,1415,Vallecano,554.0,573.0,Rayo Vallecano
ESP-La Liga,1415,Getafe,541.0,505.0,Getafe
ESP-La Liga,1415,Valencia,566.0,637.0,Valencia
ESP-La Liga,1415,Ath Bilbao,529.0,537.0,Athletic Club
ESP-La Liga,1415,Ath Madrid,543.0,566.0,Atlético Madrid
ESP-La Liga,1415,Cordoba,494.0,541.0,Córdoba
ESP-La Liga,1415,Espanol,614.0,571.0,Espanyol
ESP-La Liga,1415,Elche,584.0,507.0,Elche
ESP-La Liga,1415,La Coruna,562.0,542.0,Dep. La Coruña
ESP-La Liga,1415,Sociedad,512.0,581.0,Real Sociedad
ESP-La Liga,1415,Villarreal,526.0,481.0,Villarreal
ESP-La Liga,1516,Malaga,552.0,502.0,Málaga
ESP-La Liga,1516,Ath Madrid,505.0,456.0,Atlético Madrid
ESP-La Liga,1516,Espanol,653.0,521.0,Espanyol
ESP-La Liga,1516,La Coruna,401.0,449.0,Dep. La Coruña
ESP-La Liga,1516,Vallecano,546.0,497.0,Rayo Vallecano
ESP-La Liga,1516,Ath Bilbao,501.0,504.0,Athletic Club
ESP-La Liga,1516,Betis,491.0,589.0,Real Betis
ESP-La Liga,1516,Levante,548.0,509.0,Levante
ESP-La Liga,1516,Sp Gijon,524.0,469.0,Sporting Gijón
ESP-La Liga,1516,Granada,585.0,523.0,Granada
ESP-La Liga,1516,Villarreal,519.0,471.0,Villarreal
ESP-La Liga,1516,Barcelona,382.0,582.0,Barcelona
ESP-La Liga,1516,Celta,529.0,534.0,Celta Vigo
ESP-La Liga,1516,Real Madrid,422.0,508.0,Real Madrid
ESP-La Liga,1516,Sociedad,464.0,597.0,Real Sociedad
ESP-La Liga,1516,Eibar,593.0,435.0,Eibar
ESP-La Liga,1516,Getafe,531.0,457.0,Getafe
ESP-La Liga,1516,Las Palmas,466.0,592.0,Las Palmas
ESP-La Liga,1516,Sevilla,557.0,518.0,Sevilla
ESP-La Liga,1516,Valencia,566.0,622.0,Valencia
ESP-La Liga,1617,La Coruna,536.0,533.0,Dep. La Coruña
ESP-La Liga,1617,Malaga,547.0,546.0,Málaga
ESP-La Liga,1617,Barcelona,421.0,599.0,Barcelona
ESP-La Liga,1617,Granada,553.0,463.0,Granada
ESP-La Liga,1617,Sevilla,581.0,545.0,Sevilla
ESP-La Liga,1617,Ath Madrid,498.0,491.0,Atlético Madrid
ESP-La Liga,1617,Sociedad,528.0,611.0,Real Sociedad
ESP-La Liga,1617,Sp Gijon,567.0,526.0,Sporting Gijón
ESP-La Liga,1617,Celta,513.0,525.0,Celta Vigo
ESP-La Liga,1617,Valencia,550.0,584.0,Valencia
ESP-La Liga,1617,Betis,574.0,590.0,Real Betis
ESP-La Liga,1617,Espanol,567.0,499.0,Espanyol
ESP-La Liga,1617,Eibar,515.0,406.0,Eibar
ESP-La Liga,1617,Leganes,644.0,501.0,Leganés
ESP-La Liga,1617,Osasuna,567.0,425.0,Osasuna
ESP-La Liga,1617,Real Madrid,425.0,541.0,Real Madrid
ESP-La Liga,1617,Alaves,540.0,508.0,Alavés
ESP-La Liga,1617,Ath Bilbao,499.0,542.0,Athletic Club
ESP-La Liga,1617,Las Palmas,466.0,649.0,Las Palmas
ESP-La Liga,1617,Villarreal,507.0,514.0,Villarreal
ESP-La Liga,1718,Leganes,588.0,526.0,Leganés
ESP-La Liga,1718,Valencia,519.0,560.0,Valencia
ESP-La Liga,1718,Celta,429.0,571.0,Celta Vigo
ESP-La Liga,1718,Girona,615.0,520.0,Girona
ESP-La Liga,1718,Sevilla,562.0,526.0,Sevilla
ESP-La Liga,1718,Ath Bilbao,526.0,514.0,Athletic Club
ESP-La Liga,1718,Barcelona,383.0,546.0,Barcelona
ESP-La Liga,1718,La Coruna,506.0,461.0,Dep. La Coruña
ESP-La Liga,1718,Levante,553.0,466.0,Levante
ESP-La Liga,1718,Malaga,613.0,471.0,Málaga
ESP-La Liga,1718,Betis,466.0,515.0,Real Betis
ESP-La Liga,1718,Sociedad,420.0,558.0,Real Sociedad
ESP-La Liga,1718,Alaves,603.0,541.0,Alavés
ESP-La Liga,1718,Las Palmas,482.0,693.0,Las Palmas
ESP-La Liga,1718,Eibar,493.0,470.0,Eibar
ESP-La Liga,1718,Espanol,520.0,556.0,Espanyol
ESP-La Liga,1718,Getafe,674.0,515.0,Getafe
ESP-La Liga,1718,Real Madrid,436.0,531.0,Real Madrid
ESP-La Liga,1718,Villarreal,595.0,475.0,Villarreal
ESP-La Liga,1718,Ath Madrid,538.0,506.0,Atlético Madrid
ESP-La Liga,1819,Betis,436.0,583.0,Real Betis
ESP-La Liga,1819,Girona,536.0,551.0,Girona
ESP-La Liga,1819,Barcelona,407.0,566.0,Barcelona
ESP-La Liga,1819,Celta,458.0,515.0,Celta Vigo
ESP-La Liga,1819,Villarreal,519.0,441.0,Villarreal
ESP-La Liga,1819,Eibar,515.0,426.0,Eibar
ESP-La Liga,1819,Real Madrid,444.0,567.0,Real Madrid
ESP-La Liga,1819,Vallecano,567.0,480.0,Rayo Vallecano
ESP-La Liga,1819,Ath Bilbao,581.0,522.0,Athletic Club
ESP-La Liga,1819,Valencia,463.0,540.0,Valencia
ESP-La Liga,1819,Getafe,641.0,527.0,Getafe
ESP-La Liga,1819,Leganes,541.0,428.0,Leganés
ESP-La Liga,1819,Alaves,548.0,525.0,Alavés
ESP-La Liga,1819,Ath Madrid,476.0,477.0,Atlético Madrid
ESP-La Liga,1819,Valladolid,521.0,561.0,Valladolid
ESP-La Liga,1819,Espanol,530.0,539.0,Espanyol
ESP-La Liga,1819,Sevilla,536.0,494.0,Sevilla
ESP-La Liga,1819,Levante,501.0,511.0,Levante
ESP-La Liga,1819,Huesca,580.0,468.0,Huesca
ESP-La Liga,1819,Sociedad,491.0,570.0,Real Sociedad
ESP-La Liga,1920,Ath Bilbao,522.0,475.0,Athletic Club
ESP-La Liga,1920,Celta,473.0,571.0,Celta Vigo
ESP-La Liga,1920,Valencia,413.0,563.0,Valencia
ESP-La Liga,1920,Mallorca,508.0,566.0,Mallorca
ESP-La Liga,1920,Leganes,591.0,540.0,Leganés
ESP-La Liga,1920,Villarreal,483.0,456.0,Villarreal
ESP-La Liga,1920,Alaves,621.0,473.0,Alavés
ESP-La Liga,1920,Espanol,580.0,509.0,Espanyol
ESP-La Liga,1920,Betis,473.0,610.0,Real Betis
ESP-La Liga,1920,Ath Madrid,513.0,506.0,Atlético Madrid
ESP-La Liga,1920,Granada,591.0,544.0,Granada
ESP-La Liga,1920,Levante,467.0,497.0,Levante
ESP-La Liga,1920,Osasuna,544.0,448.0,Osasuna
ESP-La Liga,1920,Real Madrid,486.0,508.0,Real Madrid
ESP-La Liga,1920,Getafe,705.0,536.0,Getafe
ESP-La Liga,1920,Barcelona,416.0,562.0,Barcelona
ESP-La Liga,1920,Sevilla,522.0,516.0,Sevilla
ESP-La Liga,1920,Sociedad,501.0,526.0,Real Sociedad
ESP-La Liga,1920,Eibar,538.0,451.0,Eibar
ESP-La Liga,1920,Valladolid,485.0,575.0,Valladolid
ESP-La Liga,2021,Eibar,494.0,417.0,Eibar
ESP-La Liga,2021,Granada,533.0,493.0,Granada
ESP-La Liga,2021,Cadiz,435.0,510.0,Cádiz
ESP-La Liga,2021,Alaves,512.0,514.0,Alavés
ESP-La Liga,2021,Valladolid,510.0,545.0,Valladolid
ESP-La Liga,2021,Villarreal,449.0,497.0,Villarreal
ESP-La Liga,2021,Valencia,459.0,561.0,Valencia
ESP-La Liga,2021,Getafe,630.0,545.0,Getafe
ESP-La Liga,2021,Celta,631.0,529.0,Celta Vigo
ESP-La Liga,2021,Huesca,528.0,554.0,Huesca
ESP-La Liga,2021,Betis,521.0,506.0,Real Betis
ESP-La Liga,2021,Sociedad,566.0,493.0,Real Sociedad
ESP-La Liga,2021,Elche,526.0,496.0,Elche
ESP-La Liga,2021,Osasuna,535.0,439.0,Osasuna
ESP-La Liga,2021,Ath Madrid,489.0,486.0,Atlético Madrid
ESP-La Liga,2021,Barcelona,357.0,546.0,Barcelona
ESP-La Liga,2021,Real Madrid,407.0,493.0,Real Madrid
ESP-La Liga,2021,Ath Bilbao,484.0,503.0,Athletic Club
ESP-La Liga,2021,Sevilla,492.0,510.0,Sevilla
ESP-La Liga,2021,Levante,509.0,430.0,Levante
ESP-La Liga,2122,Valencia,641.0,602.0,Valencia
ESP-La Liga,2122,Cadiz,489.0,472.0,Cádiz
ESP-La Liga,2122,Mallorca,554.0,561.0,Mallorca
ESP-La Liga,2122,Alaves,529.0,484.0,Alavés
ESP-La Liga,2122,Osasuna,498.0,414.0,Osasuna
ESP-La Liga,2122,Celta,507.0,488.0,Celta Vigo
ESP-La Liga,2122,Barcelona,500.0,497.0,Barcelona
ESP-La Liga,2122,Sevilla,462.0,498.0,Sevilla
ESP-La Liga,2122,Villarreal,472.0,483.0,Villarreal
ESP-La Liga,2122,Elche,517.0,504.0,Elche
ESP-La Liga,2122,Betis,485.0,495.0,Real Betis
ESP-La Liga,2122,Espanol,439.0,539.0,Espanyol
ESP-La Liga,2122,Granada,477.0,498.0,Granada
ESP-La Liga,2122,Ath Bilbao,487.0,513.0,Athletic Club
ESP-La Liga,2122,Sociedad,491.0,493.0,Real Sociedad
ESP-La Liga,2122,Ath Madrid,473.0,520.0,Atlético Madrid
ESP-La Liga,2122,Levante,550.0,434.0,Levante
ESP-La Liga,2122,Getafe,559.0,509.0,Getafe
ESP-La Liga,2122,Vallecano,522.0,541.0,Rayo Vallecano
ESP-La Liga,2122,Real Madrid,394.0,501.0,Real Madrid
ESP-La Liga,2223,Osasuna,544.0,430.0,Osasuna
ESP-La Liga,2223,Celta,469.0,520.0,Celta Vigo
ESP-La Liga,2223,Valladolid,460.0,555.0,Valladolid
ESP-La Liga,2223,Barcelona,433.0,472.0,Barcelona
ESP-La Liga,2223,Cadiz,532.0,509.0,Cádiz
ESP-La Liga,2223,Valencia,504.0,526.0,Valencia
ESP-La Liga,2223,Almeria,444.0,427.0,Almería
ESP-La Liga,2223,Ath Bilbao,510.0,449.0,Athletic Club
ESP-La Liga,2223,Getafe,599.0,462.0,Getafe
ESP-La Liga,2223,Betis,414.0,568.0,Real Betis
ESP-La Liga,2223,Espanol,457.0,515.0,Espanyol
ESP-La Liga,2223,Sevilla,474.0,476.0,Sevilla
ESP-La Liga,2223,Mallorca,612.0,482.0,Mallorca
ESP-La Liga,2223,Ath Madrid,440.0,449.0,Atlético Madrid
ESP-La Liga,2223,Sociedad,623.0,470.0,Real Sociedad
ESP-La Liga,2223,Elche,524.0,417.0,Elche
ESP-La Liga,2223,Girona,440.0,538.0,Girona
ESP-La Liga,2223,Vallecano,544.0,525.0,Rayo Vallecano
ESP-La Liga,2223,Real Madrid,367.0,549.0,Real Madrid
ESP-La Liga,2223,Villarreal,450.0,501.0,Villarreal
ESP-La Liga,2324,Almeria,476.0,508.0,Almería
ESP-La Liga,2324,Sevilla,475.0,464.0,Sevilla
ESP-La Liga,2324,Sociedad,604.0,469.0,Real Sociedad
ESP-La Liga,2324,Las Palmas,411.0,524.0,Las Palmas
ESP-La Liga,2324,Ath Bilbao,510.0,454.0,Athletic Club
ESP-La Liga,2324,Celta,462.0,496.0,Celta Vigo
ESP-La Liga,2324,Villarreal,488.0,486.0,Villarreal
ESP-La Liga,2324,Getafe,648.0,464.0,Getafe
ESP-La Liga,2324,Cadiz,576.0,523.0,Cádiz
ESP-La Liga,2324,Ath Madrid,439.0,470.0,Atlético Madrid
ESP-La Liga,2324,Mallorca,566.0,433.0,Mallorca
ESP-La Liga,2324,Valencia,480.0,494.0,Valencia
ESP-La Liga,2324,Osasuna,517.0,420.0,Osasuna
ESP-La Liga,2324,Girona,406.0,495.0,Girona
ESP-La Liga,2324,Barcelona,411.0,490.0,Barcelona
ESP-La Liga,2324,Betis,429.0,521.0,Real Betis
ESP-La Liga,2324,Alaves,481.0,476.0,Alavés
ESP-La Liga,2324,Granada,514.0,534.0,Granada
ESP-La Liga,2324,Vallecano,563.0,557.0,Rayo Vallecano
ESP-La Liga,2324,Real Madrid,369.0,547.0,Real Madrid
ESP-La Liga,2425,Ath Bilbao,482.0,406.0,Athletic Club
ESP-La Liga,2425,Betis,429.0,548.0,Real Betis
ESP-La Liga,2425,Celta,460.0,451.0,Celta Vigo
ESP-La Liga,2425,Las Palmas,448.0,485.0,Las Palmas
ESP-La Liga,2425,Osasuna,507.0,405.0,Osasuna
ESP-La Liga,2425,Valencia,442.0,474.0,Valencia
ESP-La Liga,2425,Sociedad,501.0,444.0,Real Sociedad
ESP-La Liga,2425,Mallorca,462.0,450.0,Mallorca
ESP-La Liga,2425,Valladolid,458.0,503.0,Valladolid
ESP-La Liga,2425,Villarreal,440.0,491.0,Villarreal
ESP-La Liga,2425,Sevilla,491.0,429.0,Sevilla
ESP-La Liga,2425,Barcelona,368.0,479.0,Barcelona
ESP-La Liga,2425,Espanol,498.0,457.0,Espanyol
ESP-La Liga,2425,Getafe,601.0,529.0,Getafe
ESP-La Liga,2425,Real Madrid,331.0,533.0,Real Madrid
ESP-La Liga,2425,Leganes,503.0,492.0,Leganés
ESP-La Liga,2425,Alaves,612.0,502.0,Alavés
ESP-La Liga,2425,Ath Madrid,406.0,447.0,Atlético Madrid
ESP-La Liga,2425,Vallecano,522.0,422.0,Rayo Vallecano
ESP-La Liga,2425,Girona,437.0,451.0,Girona
ESP-La Liga,2526,Girona,408.0,541.0,Girona
ESP-La Liga,2526,Villarreal,454.0,461.0,Villarreal
ESP-La Liga,2526,Mallorca,467.0,469.0,Mallorca
ESP-La Liga,2526,Alaves,567.0,514.0,Alavés
ESP-La Liga,2526,Valencia,459.0,459.0,Valencia
ESP-La Liga,2526,Celta,444.0,472.0,Celta Vigo
ESP-La Liga,2526,Ath Bilbao,520.0,410.0,Athletic Club
ESP-La Liga,2526,Espanol,524.0,489.0,Espanyol
ESP-La Liga,2526,Elche,507.0,570.0,Elche
ESP-La Liga,2526,Real Madrid,380.0,547.0,Real Madrid
ESP-La Liga,2526,Betis,404.0,495.0,Real Betis
ESP-La Liga,2526,Ath Madrid,425.0,369.0,Atlético Madrid
ESP-La Liga,2526,Levante,466.0,496.0,Levante
ESP-La Liga,2526,Osasuna,512.0,442.0,Osasuna
ESP-La Liga,2526,Sociedad,541.0,468.0,Real Sociedad
ESP-La Liga,2526,Oviedo,474.0,443.0,Oviedo
ESP-La Liga,2526,Sevilla,561.0,489.0,Sevilla
ESP-La Liga,2526,Vallecano,512.0,419.0,Rayo Vallecano
ESP-La Liga,2526,Getafe,577.0,555.0,Getafe
ESP-La Liga,2526,Barcelona,360.0,454.0,Barcelona
GER-Bundesliga,1415,Bayern Munich,414.0,492.0,Bayern Munich
GER-Bundesliga,1415,Dortmund,454.0,451.0,Dortmund
GER-Bundesliga,1415,Ein Frankfurt,569.0,603.0,Frankfurt
GER-Bundesliga,1415,FC Koln,421.0,447.0,Köln
GER-Bundesliga,1415,Hannover,568.0,511.0,Hannover 96
GER-Bundesliga,1415,Hertha,589.0,534.0,Hertha BSC
GER-Bundesliga,1415,Hoffenheim,600.0,611.0,Hoffenheim
GER-Bundesliga,1415,M'gladbach,416.0,466.0,Gladbach
GER-Bundesliga,1415,Paderborn,484.0,562.0,Paderborn 07
GER-Bundesliga,1415,Augsburg,552.0,544.0,Augsburg
GER-Bundesliga,1415,Hamburg,618.0,508.0,Hamburger SV
GER-Bundesliga,1415,Leverkusen,609.0,536.0,Leverkusen
GER-Bundesliga,1415,Schalke 04,517.0,504.0,Schalke 04
GER-Bundesliga,1415,Stuttgart,504.0,538.0,Stuttgart
GER-Bundesliga,1415,Werder Bremen,588.0,521.0,Werder Bremen
GER-Bundesliga,1415,Wolfsburg,454.0,467.0,Wolfsburg
GER-Bundesliga,1415,Freiburg,492.0,503.0,Freiburg
GER-Bundesliga,1415,Mainz,495.0,546.0,Mainz 05
GER-Bundesliga,1516,Bayern Munich,380.0,420.0,Bayern Munich
GER-Bundesliga,1516,Augsburg,532.0,458.0,Augsburg
GER-Bundesliga,1516,Darmstadt,557.0,549.0,Darmstadt 98
GER-Bundesliga,1516,Dortmund,391.0,471.0,Dortmund
GER-Bundesliga,1516,Leverkusen,525.0,520.0,Leverkusen
GER-Bundesliga,1516,Mainz,528.0,509.0,Mainz 05
GER-Bundesliga,1516,Werder Bremen,520.0,531.0,Werder Bremen
GER-Bundesliga,1516,Stuttgart,506.0,447.0,Stuttgart
GER-Bundesliga,1516,Wolfsburg,457.0,464.0,Wolfsburg
GER-Bundesliga,1516,Hertha,481.0,536.0,Hertha BSC
GER-Bundesliga,1516,Ein Frankfurt,517.0,527.0,Frankfurt
GER-Bundesliga,1516,FC Koln,436.0,474.0,Köln
GER-Bundesliga,1516,Hamburg,576.0,483.0,Hamburger SV
GER-Bundesliga,1516,Hannover,520.0,459.0,Hannover 96
GER-Bundesliga,1516,Hoffenheim,469.0,498.0,Hoffenheim
GER-Bundesliga,1516,Schalke 04,506.0,462.0,Schalke 04
GER-Bundesliga,1516,Ingolstadt,526.0,599.0,Ingolstadt
GER-Bundesliga,1516,M'gladbach,461.0,481.0,Gladbach
GER-Bundesliga,1617,Bayern Munich,360.0,424.0,Bayern Munich
GER-Bundesliga,1617,Augsburg,494.0,458.0,Augsburg
GER-Bundesliga,1617,Dortmund,413.0,556.0,Dortmund
GER-Bundesliga,1617,Ein Frankfurt,538.0,480.0,Frankfurt
GER-Bundesliga,1617,FC Koln,476.0,494.0,Köln
GER-Bundesliga,1617,Hamburg,564.0,474.0,Hamburger SV
GER-Bundesliga,1617,M'gladbach,419.0,457.0,Gladbach
GER-Bundesliga,1617,Hertha,473.0,495.0,Hertha BSC
GER-Bundesliga,1617,Hoffenheim,514.0,549.0,Hoffenheim
GER-Bundesliga,1617,Schalke 04,508.0,455.0,Schalke 04
GER-Bundesliga,1617,Darmstadt,516.0,462.0,Darmstadt 98
GER-Bundesliga,1617,Freiburg,445.0,470.0,Freiburg
GER-Bundesliga,1617,Ingolstadt,554.0,565.0,Ingolstadt
GER-Bundesliga,1617,Leverkusen,478.0,422.0,Leverkusen
GER-Bundesliga,1617,RB Leipzig,523.0,484.0,RB Leipzig
GER-Bundesliga,1617,Wolfsburg,513.0,503.0,Wolfsburg
GER-Bundesliga,1617,Mainz,493.0,489.0,Mainz 05
GER-Bundesliga,1617,Werder Bremen,476.0,520.0,Werder Bremen
GER-Bundesliga,1718,Bayern Munich,348.0,411.0,Bayern Munich
GER-Bundesliga,1718,Hamburg,473.0,463.0,Hamburger SV
GER-Bundesliga,1718,Hertha,469.0,465.0,Hertha BSC
GER-Bundesliga,1718,Hoffenheim,487.0,438.0,Hoffenheim
GER-Bundesliga,1718,Mainz,505.0,437.0,Mainz 05
GER-Bundesliga,1718,Schalke 04,532.0,503.0,Schalke 04
GER-Bundesliga,1718,Wolfsburg,428.0,495.0,Wolfsburg
GER-Bundesliga,1718,Freiburg,432.0,429.0,Freiburg
GER-Bundesliga,1718,M'gladbach,388.0,416.0,Gladbach
GER-Bundesliga,1718,FC Koln,460.0,478.0,Köln
GER-Bundesliga,1718,Augsburg,463.0,417.0,Augsburg
GER-Bundesliga,1718,Dortmund,392.0,422.0,Dortmund
GER-Bundesliga,1718,Ein Frankfurt,510.0,458.0,Frankfurt
GER-Bundesliga,1718,Leverkusen,438.0,491.0,Leverkusen
GER-Bundesliga,1718,Stuttgart,443.0,431.0,Stuttgart
GER-Bundesliga,1718,Werder Bremen,509.0,435.0,Werder Bremen
GER-Bundesliga,1718,Hannover,475.0,500.0,Hannover 96
GER-Bundesliga,1718,RB Leipzig,425.0,488.0,RB Leipzig
GER-Bundesliga,1819,Bayern Munich,278.0,342.0,Bayern Munich
GER-Bundesliga,1819,Fortuna Dusseldorf,412.0,405.0,Düsseldorf
GER-Bundesliga,1819,Freiburg,387.0,407.0,Freiburg
GER-Bundesliga,1819,Hertha,418.0,374.0,Hertha BSC
GER-Bundesliga,1819,M'gladbach,310.0,358.0,Gladbach
GER-Bundesliga,1819,Werder Bremen,405.0,350.0,Werder Bremen
GER-Bundesliga,1819,Wolfsburg,340.0,437.0,Wolfsburg
GER-Bundesliga,1819,Dortmund,279.0,393.0,Dortmund
GER-Bundesliga,1819,Mainz,404.0,366.0,Mainz 05
GER-Bundesliga,1819,Hannover,396.0,419.0,Hannover 96
GER-Bundesliga,1819,Augsburg,439.0,350.0,Augsburg
GER-Bundesliga,1819,Ein Frankfurt,389.0,343.0,Frankfurt
GER-Bundesliga,1819,Hoffenheim,451.0,347.0,Hoffenheim
GER-Bundesliga,1819,Leverkusen,349.0,384.0,Leverkusen
GER-Bundesliga,1819,Nurnberg,376.0,379.0,Nürnberg
GER-Bundesliga,1819,Stuttgart,350.0,399.0,Stuttgart
GER-Bundesliga,1819,RB Leipzig,442.0,390.0,RB Leipzig
GER-Bundesliga,1819,Schalke 04,422.0,404.0,Schalke 04
GER-Bundesliga,1920,Bayern Munich,312.0,358.0,Bayern Munich
GER-Bundesliga,1920,Dortmund,295.0,329.0,Dortmund
GER-Bundesliga,1920,Freiburg,321.0,441.0,Freiburg
GER-Bundesliga,1920,Leverkusen,372.0,377.0,Leverkusen
GER-Bundesliga,1920,Werder Bremen,437.0,458.0,Werder Bremen
GER-Bundesliga,1920,Wolfsburg,464.0,408.0,Wolfsburg
GER-Bundesliga,1920,M'gladbach,398.0,449.0,Gladbach
GER-Bundesliga,1920,Ein Frankfurt,411.0,375.0,Frankfurt
GER-Bundesliga,1920,Union Berlin,512.0,381.0,Union Berlin
GER-Bundesliga,1920,FC Koln,478.0,442.0,Köln
GER-Bundesliga,1920,Augsburg,358.0,392.0,Augsburg
GER-Bundesliga,1920,Fortuna Dusseldorf,391.0,429.0,Düsseldorf
GER-Bundesliga,1920,Hoffenheim,368.0,416.0,Hoffenheim
GER-Bundesliga,1920,Mainz,445.0,402.0,Mainz 05
GER-Bundesliga,1920,Paderborn,410.0,368.0,Paderborn 07
GER-Bundesliga,1920,Schalke 04,376.0,387.0,Schalke 04
GER-Bundesliga,1920,RB Leipzig,354.0,380.0,RB Leipzig
GER-Bundesliga,1920,Hertha,450.0,360.0,Hertha BSC
GER-Bundesliga,2021,Bayern Munich,317.0,397.0,Bayern Munich
GER-Bundesliga,2021,Ein Frankfurt,459.0,386.0,Frankfurt
GER-Bundesliga,2021,FC Koln,423.0,457.0,Köln
GER-Bundesliga,2021,Stuttgart,419.0,458.0,Stuttgart
GER-Bundesliga,2021,Union Berlin,435.0,390.0,Union Berlin
GER-Bundesliga,2021,Werder Bremen,393.0,489.0,Werder Bremen
GER-Bundesliga,2021,Dortmund,361.0,380.0,Dortmund
GER-Bundesliga,2021,RB Leipzig,431.0,429.0,RB Leipzig
GER-Bundesliga,2021,Wolfsburg,439.0,400.0,Wolfsburg
GER-Bundesliga,2021,Hertha,468.0,441.0,Hertha BSC
GER-Bundesliga,2021,Augsburg,392.0,428.0,Augsburg
GER-Bundesliga,2021,Bielefeld,391.0,436.0,Arminia
GER-Bundesliga,2021,Leverkusen,431.0,361.0,Leverkusen
GER-Bundesliga,2021,Mainz,506.0,396.0,Mainz 05
GER-Bundesliga,2021,M'gladbach,393.0,432.0,Gladbach
GER-Bundesliga,2021,Schalke 04,417.0,424.0,Schalke 04
GER-Bundesliga,2021,Hoffenheim,442.0,431.0,Hoffenheim
GER-Bundesliga,2021,Freiburg,438.0,420.0,Freiburg
GER-Bundesliga,2122,M'gladbach,358.0,491.0,Gladbach
GER-Bundesliga,2122,Augsburg,449.0,381.0,Augsburg
GER-Bundesliga,2122,Bielefeld,433.0,319.0,Arminia
GER-Bundesliga,2122,Stuttgart,368.0,436.0,Stuttgart
GER-Bundesliga,2122,Union Berlin,423.0,349.0,Union Berlin
GER-Bundesliga,2122,Wolfsburg,413.0,433.0,Wolfsburg
GER-Bundesliga,2122,Dortmund,364.0,416.0,Dortmund
GER-Bundesliga,2122,Mainz,494.0,405.0,Mainz 05
GER-Bundesliga,2122,FC Koln,418.0,479.0,Köln
GER-Bundesliga,2122,RB Leipzig,361.0,445.0,RB Leipzig
GER-Bundesliga,2122,Bochum,425.0,410.0,Bochum
GER-Bundesliga,2122,Ein Frankfurt,422.0,327.0,Frankfurt
GER-Bundesliga,2122,Freiburg,395.0,391.0,Freiburg
GER-Bundesliga,2122,Greuther Furth,435.0,453.0,Greuther Fürth
GER-Bundesliga,2122,Hertha,424.0,454.0,Hertha BSC
GER-Bundesliga,2122,Leverkusen,363.0,348.0,Leverkusen
GER-Bundesliga,2122,Hoffenheim,425.0,362.0,Hoffenheim
GER-Bundesliga,2122,Bayern Munich,304.0,375.0,Bayern Munich
GER-Bundesliga,2223,Ein Frankfurt,423.0,398.0,Frankfurt
GER-Bundesliga,2223,Augsburg,433.0,374.0,Augsburg
GER-Bundesliga,2223,Bochum,428.0,369.0,Bochum
GER-Bundesliga,2223,M'gladbach,338.0,465.0,Gladbach
GER-Bundesliga,2223,Union Berlin,446.0,363.0,Union Berlin
GER-Bundesliga,2223,Wolfsburg,388.0,473.0,Wolfsburg
GER-Bundesliga,2223,Dortmund,324.0,423.0,Dortmund
GER-Bundesliga,2223,Stuttgart,347.0,420.0,Stuttgart
GER-Bundesliga,2223,FC Koln,401.0,371.0,Köln
GER-Bundesliga,2223,Freiburg,403.0,438.0,Freiburg
GER-Bundesliga,2223,Hertha,425.0,414.0,Hertha BSC
GER-Bundesliga,2223,Hoffenheim,471.0,381.0,Hoffenheim
GER-Bundesliga,2223,Leverkusen,384.0,437.0,Leverkusen
GER-Bundesliga,2223,RB Leipzig,394.0,416.0,RB Leipzig
GER-Bundesliga,2223,Werder Bremen,422.0,384.0,Werder Bremen
GER-Bundesliga,2223,Schalke 04,428.0,416.0,Schalke 04
GER-Bundesliga,2223,Mainz,476.0,348.0,Mainz 05
GER-Bundesliga,2223,Bayern Munich,306.0,347.0,Bayern Munich
GER-Bundesliga,2324,Werder Bremen,397.0,407.0,Werder Bremen
GER-Bundesliga,2324,Augsburg,456.0,357.0,Augsburg
GER-Bundesliga,2324,Hoffenheim,337.0,392.0,Hoffenheim
GER-Bundesliga,2324,Leverkusen,304.0,353.0,Leverkusen
GER-Bundesliga,2324,Stuttgart,326.0,393.0,Stuttgart
GER-Bundesliga,2324,Wolfsburg,410.0,424.0,Wolfsburg
GER-Bundesliga,2324,Dortmund,315.0,405.0,Dortmund
GER-Bundesliga,2324,Union Berlin,402.0,353.0,Union Berlin
GER-Bundesliga,2324,Ein Frankfurt,354.0,333.0,Frankfurt
GER-Bundesliga,2324,RB Leipzig,350.0,403.0,RB Leipzig
GER-Bundesliga,2324,Bochum,443.0,422.0,Bochum
GER-Bundesliga,2324,Darmstadt,425.0,369.0,Darmstadt 98
GER-Bundesliga,2324,FC Koln,419.0,380.0,Köln
GER-Bundesliga,2324,Freiburg,361.0,384.0,Freiburg
GER-Bundesliga,2324,Heidenheim,445.0,344.0,Heidenheim
GER-Bundesliga,2324,M'gladbach,338.0,390.0,Gladbach
GER-Bundesliga,2324,Mainz,473.0,431.0,Mainz 05
GER-Bundesliga,2324,Bayern Munich,304.0,319.0,Bayern Munich
GER-Bundesliga,2425,M'gladbach,338.0,338.0,Gladbach
GER-Bundesliga,2425,Augsburg,352.0,378.0,Augsburg
GER-Bundesliga,2425,Freiburg,316.0,345.0,Freiburg
GER-Bundesliga,2425,Hoffenheim,393.0,385.0,Hoffenheim
GER-Bundesliga,2425,Mainz,407.0,349.0,Mainz 05
GER-Bundesliga,2425,RB Leipzig,378.0,345.0,RB Leipzig
GER-Bundesliga,2425,Dortmund,331.0,357.0,Dortmund
GER-Bundesliga,2425,Wolfsburg,351.0,379.0,Wolfsburg
GER-Bundesliga,2425,St Pauli,353.0,368.0,St Pauli
GER-Bundesliga,2425,Union Berlin,408.0,315.0,Union Berlin
GER-Bundesliga,2425,Bochum,458.0,291.0,Bochum
GER-Bundesliga,2425,Ein Frankfurt,342.0,324.0,Frankfurt
GER-Bundesliga,2425,Holstein Kiel,407.0,374.0,Holstein Kiel
GER-Bundesliga,2425,Stuttgart,358.0,428.0,Stuttgart
GER-Bundesliga,2425,Werder Bremen,335.0,424.0,Werder Bremen
GER-Bundesliga,2425,Leverkusen,325.0,367.0,Leverkusen
GER-Bundesliga,2425,Heidenheim,385.0,407.0,Heidenheim
GER-Bundesliga,2425,Bayern Munich,295.0,358.0,Bayern Munich
GER-Bundesliga,2526,Bayern Munich,299.0,307.0,Bayern Munich
GER-Bundesliga,2526,Ein Frankfurt,352.0,331.0,Frankfurt
GER-Bundesliga,2526,Freiburg,318.0,414.0,Freiburg
GER-Bundesliga,2526,Heidenheim,334.0,351.0,Heidenheim
GER-Bundesliga,2526,Leverkusen,292.0,381.0,Leverkusen
GER-Bundesliga,2526,Union Berlin,417.0,342.0,Union Berlin
GER-Bundesliga,2526,St Pauli,327.0,318.0,St Pauli
GER-Bundesliga,2526,Mainz,373.0,340.0,Mainz 05
GER-Bundesliga,2526,M'gladbach,367.0,373.0,Gladbach
GER-Bundesliga,2526,Hamburg,402.0,431.0,Hamburger SV
GER-Bundesliga,2526,Hoffenheim,474.0,304.0,Hoffenheim
GER-Bundesliga,2526,RB Leipzig,315.0,350.0,RB Leipzig
GER-Bundesliga,2526,Stuttgart,327.0,419.0,Stuttgart
GER-Bundesliga,2526,Werder Bremen,337.0,327.0,Werder Bremen
GER-Bundesliga,2526,Augsburg,375.0,393.0,Augsburg
GER-Bundesliga,2526,Wolfsburg,392.0,302.0,Wolfsburg
GER-Bundesliga,2526,Dortmund,397.0,345.0,Dortmund
GER-Bundesliga,2526,FC Koln,283.0,353.0,Köln
ITA-Serie A,1415,Chievo,626.0,598.0,Chievo
ITA-Serie A,1415,Roma,519.0,539.0,Roma
ITA-Serie A,1415,Atalanta,629.0,638.0,Atalanta
ITA-Serie A,1415,Cesena,631.0,572.0,Cesena
ITA-Serie A,1415,Genoa,634.0,649.0,Genoa
ITA-Serie A,1415,Milan,541.0,637.0,Milan
ITA-Serie A,1415,Palermo,582.0,572.0,Palermo
ITA-Serie A,1415,Sassuolo,587.0,692.0,Sassuolo
ITA-Serie A,1415,Torino,543.0,549.0,Torino
ITA-Serie A,1415,Udinese,532.0,532.0,Udinese
ITA-Serie A,1415,Empoli,489.0,627.0,Empoli
ITA-Serie A,1415,Juventus,524.0,539.0,Juventus
ITA-Serie A,1415,Cagliari,594.0,647.0,Cagliari
ITA-Serie A,1415,Fiorentina,537.0,579.0,Fiorentina
ITA-Serie A,1415,Inter,560.0,496.0,Inter
ITA-Serie A,1415,Lazio,678.0,479.0,Lazio
ITA-Serie A,1415,Napoli,524.0,508.0,Napoli
ITA-Serie A,1415,Parma,659.0,511.0,Parma
ITA-Serie A,1415,Sampdoria,614.0,627.0,Sampdoria
ITA-Serie A,1415,Verona,523.0,535.0,Hellas Verona
ITA-Serie A,1516,Lazio,594.0,504.0,Lazio
ITA-Serie A,1516,Verona,612.0,570.0,Hellas Verona
ITA-Serie A,1516,Empoli,507.0,719.0,Empoli
ITA-Serie A,1516,Fiorentina,536.0,632.0,Fiorentina
ITA-Serie A,1516,Frosinone,625.0,594.0,Frosinone
ITA-Serie A,1516,Inter,504.0,527.0,Inter
ITA-Serie A,1516,Juventus,571.0,609.0,Juventus
ITA-Serie A,1516,Palermo,621.0,579.0,Palermo
ITA-Serie A,1516,Sampdoria,551.0,586.0,Sampdoria
ITA-Serie A,1516,Sassuolo,571.0,655.0,Sassuolo
ITA-Serie A,1516,Bologna,535.0,531.0,Bologna
ITA-Serie A,1516,Milan,585.0,619.0,Milan
ITA-Serie A,1516,Atalanta,636.0,618.0,Atalanta
ITA-Serie A,1516,Carpi,634.0,578.0,Carpi
ITA-Serie A,1516,Chievo,632.0,557.0,Chievo
ITA-Serie A,1516,Genoa,632.0,583.0,Genoa
ITA-Serie A,1516,Napoli,441.0,506.0,Napoli
ITA-Serie A,1516,Roma,532.0,496.0,Roma
ITA-Serie A,1516,Torino,656.0,516.0,Torino
ITA-Serie A,1516,Udinese,575.0,571.0,Udinese
ITA-Serie A,1617,Juventus,473.0,588.0,Juventus
ITA-Serie A,1617,Roma,462.0,514.0,Roma
ITA-Serie A,1617,Atalanta,603.0,568.0,Atalanta
ITA-Serie A,1617,Bologna,486.0,532.0,Bologna
ITA-Serie A,1617,Chievo,555.0,556.0,Chievo
ITA-Serie A,1617,Empoli,538.0,631.0,Empoli
ITA-Serie A,1617,Genoa,623.0,461.0,Genoa
ITA-Serie A,1617,Milan,521.0,540.0,Milan
ITA-Serie A,1617,Palermo,564.0,551.0,Palermo
ITA-Serie A,1617,Pescara,551.0,556.0,Pescara
ITA-Serie A,1617,Lazio,543.0,447.0,Lazio
ITA-Serie A,1617,Napoli,376.0,460.0,Napoli
ITA-Serie A,1617,Cagliari,557.0,521.0,Cagliari
ITA-Serie A,1617,Crotone,585.0,493.0,Crotone
ITA-Serie A,1617,Fiorentina,535.0,555.0,Fiorentina
ITA-Serie A,1617,Inter,540.0,541.0,Inter
ITA-Serie A,1617,Sampdoria,511.0,526.0,Sampdoria
ITA-Serie A,1617,Sassuolo,518.0,549.0,Sassuolo
ITA-Serie A,1617,Torino,587.0,497.0,Torino
ITA-Serie A,1617,Udinese,484.0,526.0,Udinese
ITA-Serie A,1718,Juventus,425.0,518.0,Juventus
ITA-Serie A,1718,Verona,519.0,439.0,Hellas Verona
ITA-Serie A,1718,Atalanta,491.0,499.0,Atalanta
ITA-Serie A,1718,Bologna,480.0,484.0,Bologna
ITA-Serie A,1718,Crotone,504.0,488.0,Crotone
ITA-Serie A,1718,Inter,453.0,422.0,Inter
ITA-Serie A,1718,Lazio,435.0,378.0,Lazio
ITA-Serie A,1718,Sampdoria,424.0,508.0,Sampdoria
ITA-Serie A,1718,Sassuolo,483.0,586.0,Sassuolo
ITA-Serie A,1718,Udinese,529.0,415.0,Udinese
ITA-Serie A,1718,Benevento,490.0,499.0,Benevento
ITA-Serie A,1718,Genoa,560.0,498.0,Genoa
ITA-Serie A,1718,Roma,396.0,460.0,Roma
ITA-Serie A,1718,Chievo,479.0,467.0,Chievo
ITA-Serie A,1718,Fiorentina,547.0,457.0,Fiorentina
ITA-Serie A,1718,Milan,498.0,513.0,Milan
ITA-Serie A,1718,Napoli,349.0,390.0,Napoli
ITA-Serie A,1718,Spal,476.0,663.0,SPAL
ITA-Serie A,1718,Torino,565.0,539.0,Torino
ITA-Serie A,1718,Cagliari,607.0,487.0,Cagliari
ITA-Serie A,1819,Chievo,574.0,495.0,Chievo
ITA-Serie A,1819,Lazio,495.0,407.0,Lazio
ITA-Serie A,1819,Bologna,506.0,532.0,Bologna
ITA-Serie A,1819,Empoli,444.0,454.0,Empoli
ITA-Serie A,1819,Parma,487.0,447.0,Parma
ITA-Serie A,1819,Sassuolo,510.0,539.0,Sassuolo
ITA-Serie A,1819,Torino,602.0,598.0,Torino
ITA-Serie A,1819,Atalanta,429.0,507.0,Atalanta
ITA-Serie A,1819,Juventus,455.0,487.0,Juventus
ITA-Serie A,1819,Napoli,400.0,432.0,Napoli
ITA-Serie A,1819,Cagliari,569.0,478.0,Cagliari
ITA-Serie A,1819,Fiorentina,542.0,524.0,Fiorentina
ITA-Serie A,1819,Frosinone,553.0,537.0,Frosinone
ITA-Serie A,1819,Genoa,545.0,504.0,Genoa
ITA-Serie A,1819,Inter,457.0,501.0,Inter
ITA-Serie A,1819,Spal,484.0,577.0,SPAL
ITA-Serie A,1819,Udinese,492.0,482.0,Udinese
ITA-Serie A,1819,Roma,453.0,412.0,Roma
ITA-Serie A,1819,Milan,444.0,484.0,Milan
ITA-Serie A,1819,Sampdoria,476.0,520.0,Sampdoria
ITA-Serie A,1920,Parma,516.0,489.0,Parma
ITA-Serie A,1920,Fiorentina,538.0,529.0,Fiorentina
ITA-Serie A,1920,Udinese,493.0,451.0,Udinese
ITA-Serie A,1920,Cagliari,522.0,497.0,Cagliari
ITA-Serie A,1920,Roma,534.0,472.0,Roma
ITA-Serie A,1920,Sampdoria,559.0,490.0,Sampdoria
ITA-Serie A,1920,Spal,531.0,544.0,SPAL
ITA-Serie A,1920,Torino,601.0,577.0,Torino
ITA-Serie A,1920,Verona,554.0,523.0,Hellas Verona
ITA-Serie A,1920,Inter,560.0,467.0,Inter
ITA-Serie A,1920,Bologna,588.0,595.0,Bologna
ITA-Serie A,1920,Milan,544.0,496.0,Milan
ITA-Serie A,1920,Juventus,501.0,510.0,Juventus
ITA-Serie A,1920,Lazio,457.0,442.0,Lazio
ITA-Serie A,1920,Atalanta,528.0,548.0,Atalanta
ITA-Serie A,1920,Genoa,563.0,549.0,Genoa
ITA-Serie A,1920,Lecce,463.0,528.0,Lecce
ITA-Serie A,1920,Sassuolo,499.0,592.0,Sassuolo
ITA-Serie A,1920,Napoli,423.0,554.0,Napoli
ITA-Serie A,1920,Brescia,494.0,615.0,Brescia
ITA-Serie A,2021,Fiorentina,522.0,544.0,Fiorentina
ITA-Serie A,2021,Verona,620.0,561.0,Hellas Verona
ITA-Serie A,2021,Parma,525.0,511.0,Parma
ITA-Serie A,2021,Genoa,517.0,504.0,Genoa
ITA-Serie A,2021,Sassuolo,496.0,500.0,Sassuolo
ITA-Serie A,2021,Juventus,504.0,491.0,Juventus
ITA-Serie A,2021,Milan,510.0,500.0,Milan
ITA-Serie A,2021,Torino,577.0,632.0,Torino
ITA-Serie A,2021,Cagliari,512.0,509.0,Cagliari
ITA-Serie A,2021,Sampdoria,506.0,518.0,Sampdoria
ITA-Serie A,2021,Inter,472.0,442.0,Inter
ITA-Serie A,2021,Spezia,591.0,559.0,Spezia
ITA-Serie A,2021,Napoli,388.0,580.0,Napoli
ITA-Serie A,2021,Crotone,534.0,524.0,Crotone
ITA-Serie A,2021,Roma,551.0,455.0,Roma
ITA-Serie A,2021,Bologna,532.0,495.0,Bologna
ITA-Serie A,2021,Benevento,499.0,613.0,Benevento
ITA-Serie A,2021,Udinese,509.0,556.0,Udinese
ITA-Serie A,2021,Lazio,503.0,455.0,Lazio
ITA-Serie A,2021,Atalanta,581.0,500.0,Atalanta
ITA-Serie A,2122,Inter,463.0,440.0,Inter
ITA-Serie A,2122,Verona,560.0,463.0,Hellas Verona
ITA-Serie A,2122,Empoli,507.0,484.0,Empoli
ITA-Serie A,2122,Torino,637.0,483.0,Torino
ITA-Serie A,2122,Bologna,441.0,527.0,Bologna
ITA-Serie A,2122,Udinese,561.0,492.0,Udinese
ITA-Serie A,2122,Napoli,459.0,517.0,Napoli
ITA-Serie A,2122,Roma,500.0,492.0,Roma
ITA-Serie A,2122,Cagliari,545.0,526.0,Cagliari
ITA-Serie A,2122,Sampdoria,495.0,538.0,Sampdoria
ITA-Serie A,2122,Atalanta,512.0,487.0,Atalanta
ITA-Serie A,2122,Lazio,440.0,472.0,Lazio
ITA-Serie A,2122,Fiorentina,462.0,586.0,Fiorentina
ITA-Serie A,2122,Juventus,508.0,521.0,Juventus
ITA-Serie A,2122,Genoa,560.0,524.0,Genoa
ITA-Serie A,2122,Sassuolo,459.0,519.0,Sassuolo
ITA-Serie A,2122,Milan,460.0,532.0,Milan
ITA-Serie A,2122,Salernitana,491.0,545.0,Salernitana
ITA-Serie A,2122,Spezia,511.0,472.0,Spezia
ITA-Serie A,2122,Venezia,522.0,473.0,Venezia
ITA-Serie A,2223,Milan,449.0,462.0,Milan
ITA-Serie A,2223,Sampdoria,506.0,527.0,Sampdoria
ITA-Serie A,2223,Lecce,536.0,454.0,Lecce
ITA-Serie A,2223,Monza,489.0,534.0,Monza
ITA-Serie A,2223,Fiorentina,487.0,542.0,Fiorentina
ITA-Serie A,2223,Lazio,397.0,499.0,Lazio
ITA-Serie A,2223,Salernitana,473.0,477.0,Salernitana
ITA-Serie A,2223,Spezia,513.0,397.0,Spezia
ITA-Serie A,2223,Verona,539.0,411.0,Hellas Verona
ITA-Serie A,2223,Juventus,446.0,421.0,Juventus
ITA-Serie A,2223,Torino,504.0,413.0,Torino
ITA-Serie A,2223,Udinese,477.0,504.0,Udinese
ITA-Serie A,2223,Inter,445.0,436.0,Inter
ITA-Serie A,2223,Sassuolo,405.0,476.0,Sassuolo
ITA-Serie A,2223,Empoli,440.0,488.0,Empoli
ITA-Serie A,2223,Napoli,384.0,478.0,Napoli
ITA-Serie A,2223,Atalanta,470.0,406.0,Atalanta
ITA-Serie A,2223,Bologna,476.0,451.0,Bologna
ITA-Serie A,2223,Roma,444.0,529.0,Roma
ITA-Serie A,2223,Cremonese,459.0,434.0,Cremonese
ITA-Serie A,2324,Empoli,524.0,530.0,Empoli
ITA-Serie A,2324,Frosinone,389.0,480.0,Frosinone
ITA-Serie A,2324,Genoa,450.0,449.0,Genoa
ITA-Serie A,2324,Inter,405.0,433.0,Inter
ITA-Serie A,2324,Roma,455.0,458.0,Roma
ITA-Serie A,2324,Sassuolo,387.0,425.0,Sassuolo
ITA-Serie A,2324,Lecce,501.0,504.0,Lecce
ITA-Serie A,2324,Udinese,495.0,446.0,Udinese
ITA-Serie A,2324,Torino,470.0,435.0,Torino
ITA-Serie A,2324,Bologna,455.0,503.0,Bologna
ITA-Serie A,2324,Monza,458.0,429.0,Monza
ITA-Serie A,2324,Milan,431.0,428.0,Milan
ITA-Serie A,2324,Verona,538.0,479.0,Hellas Verona
ITA-Serie A,2324,Fiorentina,455.0,474.0,Fiorentina
ITA-Serie A,2324,Juventus,478.0,401.0,Juventus
ITA-Serie A,2324,Lazio,472.0,459.0,Lazio
ITA-Serie A,2324,Napoli,381.0,478.0,Napoli
ITA-Serie A,2324,Salernitana,449.0,498.0,Salernitana
ITA-Serie A,2324,Cagliari,464.0,440.0,Cagliari
ITA-Serie A,2324,Atalanta,486.0,394.0,Atalanta
ITA-Serie A,2425,Genoa,496.0,476.0,Genoa
ITA-Serie A,2425,Parma,405.0,483.0,Parma
ITA-Serie A,2425,Empoli,566.0,488.0,Empoli
ITA-Serie A,2425,Milan,415.0,447.0,Milan
ITA-Serie A,2425,Bologna,535.0,638.0,Bologna
ITA-Serie A,2425,Verona,579.0,376.0,Hellas Verona
ITA-Serie A,2425,Cagliari,500.0,422.0,Cagliari
ITA-Serie A,2425,Lazio,424.0,508.0,Lazio
ITA-Serie A,2425,Lecce,465.0,453.0,Lecce
ITA-Serie A,2425,Juventus,481.0,386.0,Juventus
ITA-Serie A,2425,Udinese,536.0,403.0,Udinese
ITA-Serie A,2425,Inter,414.0,434.0,Inter
ITA-Serie A,2425,Monza,511.0,563.0,Monza
ITA-Serie A,2425,Fiorentina,440.0,585.0,Fiorentina
ITA-Serie A,2425,Torino,480.0,411.0,Torino
ITA-Serie A,2425,Napoli,415.0,469.0,Napoli
ITA-Serie A,2425,Roma,405.0,504.0,Roma
ITA-Serie A,2425,Venezia,503.0,495.0,Venezia
ITA-Serie A,2425,Como,497.0,548.0,Como
ITA-Serie A,2425,Atalanta,434.0,412.0,Atalanta
ITA-Serie A,2526,Genoa,470.0,571.0,Genoa
ITA-Serie A,2526,Sassuolo,455.0,491.0,Sassuolo
ITA-Serie A,2526,Milan,384.0,448.0,Milan
ITA-Serie A,2526,Roma,523.0,535.0,Roma
ITA-Serie A,2526,Cagliari,524.0,562.0,Cagliari
ITA-Serie A,2526,Como,509.0,479.0,Como
ITA-Serie A,2526,Atalanta,450.0,390.0,Atalanta
ITA-Serie A,2526,Juventus,461.0,393.0,Juventus
ITA-Serie A,2526,Udinese,520.0,439.0,Udinese
ITA-Serie A,2526,Inter,499.0,421.0,Inter
ITA-Serie A,2526,Cremonese,514.0,491.0,Cremonese
ITA-Serie A,2526,Lecce,480.0,532.0,Lecce
ITA-Serie A,2526,Bologna,500.0,556.0,Bologna
ITA-Serie A,2526,Parma,413.0,510.0,Parma
ITA-Serie A,2526,Napoli,425.0,466.0,Napoli
ITA-Serie A,2526,Pisa,501.0,436.0,Pisa
ITA-Serie A,2526,Torino,530.0,401.0,Torino
ITA-Serie A,2526,Lazio,402.0,552.0,Lazio
ITA-Serie A,2526,Fiorentina,475.0,593.0,Fiorentina
ITA-Serie A,2526,Verona,598.0,367.0,Hellas Verona
FRA-Ligue 1,1415,Reims,544.0,521.0,Reims
FRA-Ligue 1,1415,Bastia,567.0,510.0,Bastia
FRA-Ligue 1,1415,Evian Thonon Gaillard,533.0,472.0,Evian
FRA-Ligue 1,1415,Guingamp,476.0,576.0,Guingamp
FRA-Ligue 1,1415,Lille,462.0,636.0,Lille
FRA-Ligue 1,1415,Montpellier,518.0,652.0,Montpellier
FRA-Ligue 1,1415,Nantes,567.0,414.0,Nantes
FRA-Ligue 1,1415,Nice,546.0,571.0,Nice
FRA-Ligue 1,1415,Lyon,581.0,572.0,Lyon
FRA-Ligue 1,1415,Monaco,506.0,554.0,Monaco
FRA-Ligue 1,1415,Caen,447.0,430.0,Caen
FRA-Ligue 1,1415,Lens,552.0,455.0,Lens
FRA-Ligue 1,1415,Lorient,456.0,474.0,Lorient
FRA-Ligue 1,1415,Metz,595.0,432.0,Metz
FRA-Ligue 1,1415,Paris SG,440.0,562.0,PSG
FRA-Ligue 1,1415,Rennes,482.0,436.0,Rennes
FRA-Ligue 1,1415,Toulouse,578.0,549.0,Toulouse
FRA-Ligue 1,1415,Bordeaux,503.0,552.0,Bordeaux
FRA-Ligue 1,1415,Marseille,552.0,595.0,Marseille
FRA-Ligue 1,1415,St Etienne,557.0,499.0,Saint-Étienne
FRA-Ligue 1,1516,Lille,575.0,621.0,Lille
FRA-Ligue 1,1516,Bastia,530.0,512.0,Bastia
FRA-Ligue 1,1516,Marseille,511.0,559.0,Marseille
FRA-Ligue 1,1516,Montpellier,476.0,537.0,Montpellier
FRA-Ligue 1,1516,Nantes,598.0,436.0,Nantes
FRA-Ligue 1,1516,Nice,451.0,517.0,Nice
FRA-Ligue 1,1516,Troyes,434.0,429.0,Troyes
FRA-Ligue 1,1516,Bordeaux,491.0,526.0,Bordeaux
FRA-Ligue 1,1516,Lyon,511.0,574.0,Lyon
FRA-Ligue 1,1516,Toulouse,533.0,579.0,Toulouse
FRA-Ligue 1,1516,Monaco,545.0,536.0,Monaco
FRA-Ligue 1,1516,Angers,521.0,482.0,Angers
FRA-Ligue 1,1516,Caen,463.0,468.0,Caen
FRA-Ligue 1,1516,Guingamp,508.0,580.0,Guingamp
FRA-Ligue 1,1516,Rennes,463.0,446.0,Rennes
FRA-Ligue 1,1516,St Etienne,588.0,467.0,Saint-Étienne
FRA-Ligue 1,1516,Lorient,463.0,502.0,Lorient
FRA-Ligue 1,1516,Paris SG,395.0,445.0,PSG
FRA-Ligue 1,1516,Reims,518.0,522.0,Reims
FRA-Ligue 1,1516,Ajaccio GFCO,577.0,413.0,Ajaccio
FRA-Ligue 1,1617,Bastia,457.0,523.0,Bastia
FRA-Ligue 1,1617,Monaco,467.0,468.0,Monaco
FRA-Ligue 1,1617,Bordeaux,442.0,517.0,Bordeaux
FRA-Ligue 1,1617,Caen,438.0,483.0,Caen
FRA-Ligue 1,1617,Dijon,494.0,481.0,Dijon
FRA-Ligue 1,1617,Metz,514.0,453.0,Metz
FRA-Ligue 1,1617,Montpellier,400.0,474.0,Montpellier
FRA-Ligue 1,1617,Marseille,499.0,403.0,Marseille
FRA-Ligue 1,1617,Nancy,497.0,486.0,Nancy
FRA-Ligue 1,1617,Nice,426.0,576.0,Nice
FRA-Ligue 1,1617,Lyon,501.0,533.0,Lyon
FRA-Ligue 1,1617,Angers,435.0,396.0,Angers
FRA-Ligue 1,1617,Lille,537.0,527.0,Lille
FRA-Ligue 1,1617,Lorient,445.0,402.0,Lorient
FRA-Ligue 1,1617,Nantes,530.0,410.0,Nantes
FRA-Ligue 1,1617,Rennes,462.0,468.0,Rennes
FRA-Ligue 1,1617,Toulouse,564.0,484.0,Toulouse
FRA-Ligue 1,1617,Guingamp,495.0,520.0,Guingamp
FRA-Ligue 1,1617,Paris SG,403.0,414.0,PSG
FRA-Ligue 1,1617,St Etienne,483.0,471.0,Saint-Étienne
FRA-Ligue 1,1718,Monaco,508.0,552.0,Monaco
FRA-Ligue 1,1718,Lyon,473.0,555.0,Lyon
FRA-Ligue 1,1718,Metz,531.0,459.0,Metz
FRA-Ligue 1,1718,Montpellier,444.0,553.0,Montpellier
FRA-Ligue 1,1718,Paris SG,425.0,508.0,PSG
FRA-Ligue 1,1718,St Etienne,510.0,510.0,Saint-Étienne
FRA-Ligue 1,1718,Troyes,496.0,416.0,Troyes
FRA-Ligue 1,1718,Angers,491.0,463.0,Angers
FRA-Ligue 1,1718,Lille,479.0,449.0,Lille
FRA-Ligue 1,1718,Marseille,508.0,495.0,Marseille
FRA-Ligue 1,1718,Nice,443.0,550.0,Nice
FRA-Ligue 1,1718,Rennes,486.0,558.0,Rennes
FRA-Ligue 1,1718,Amiens,503.0,483.0,Amiens
FRA-Ligue 1,1718,Bordeaux,531.0,493.0,Bordeaux
FRA-Ligue 1,1718,Caen,522.0,456.0,Caen
FRA-Ligue 1,1718,Nantes,490.0,430.0,Nantes
FRA-Ligue 1,1718,Toulouse,587.0,515.0,Toulouse
FRA-Ligue 1,1718,Dijon,490.0,489.0,Dijon
FRA-Ligue 1,1718,Guingamp,498.0,539.0,Guingamp
FRA-Ligue 1,1718,Strasbourg,520.0,462.0,Strasbourg
FRA-Ligue 1,1819,Marseille,497.0,480.0,Marseille
FRA-Ligue 1,1819,Angers,446.0,469.0,Angers
FRA-Ligue 1,1819,Lille,478.0,534.0,Lille
FRA-Ligue 1,1819,Montpellier,537.0,515.0,Montpellier
FRA-Ligue 1,1819,Nantes,492.0,518.0,Nantes
FRA-Ligue 1,1819,Nice,424.0,550.0,Nice
FRA-Ligue 1,1819,St Etienne,455.0,484.0,Saint-Étienne
FRA-Ligue 1,1819,Bordeaux,537.0,519.0,Bordeaux
FRA-Ligue 1,1819,Lyon,442.0,494.0,Lyon
FRA-Ligue 1,1819,Paris SG,470.0,460.0,PSG
FRA-Ligue 1,1819,Reims,530.0,492.0,Reims
FRA-Ligue 1,1819,Amiens,518.0,540.0,Amiens
FRA-Ligue 1,1819,Caen,561.0,523.0,Caen
FRA-Ligue 1,1819,Dijon,571.0,466.0,Dijon
FRA-Ligue 1,1819,Guingamp,485.0,485.0,Guingamp
FRA-Ligue 1,1819,Monaco,526.0,533.0,Monaco
FRA-Ligue 1,1819,Rennes,487.0,504.0,Rennes
FRA-Ligue 1,1819,Nimes,487.0,520.0,Nîmes
FRA-Ligue 1,1819,Strasbourg,512.0,430.0,Strasbourg
FRA-Ligue 1,1819,Toulouse,560.0,499.0,Toulouse
FRA-Ligue 1,1920,Monaco,336.0,371.0,Monaco
FRA-Ligue 1,1920,Marseille,372.0,343.0,Marseille
FRA-Ligue 1,1920,Angers,336.0,344.0,Angers
FRA-Ligue 1,1920,Brest,329.0,308.0,Brest
FRA-Ligue 1,1920,Dijon,351.0,364.0,Dijon
FRA-Ligue 1,1920,Montpellier,421.0,416.0,Montpellier
FRA-Ligue 1,1920,Nice,295.0,388.0,Nice
FRA-Ligue 1,1920,Lille,384.0,373.0,Lille
FRA-Ligue 1,1920,Strasbourg,366.0,330.0,Strasbourg
FRA-Ligue 1,1920,Paris SG,332.0,311.0,PSG
FRA-Ligue 1,1920,Lyon,341.0,331.0,Lyon
FRA-Ligue 1,1920,Nantes,375.0,357.0,Nantes
FRA-Ligue 1,1920,Amiens,403.0,349.0,Amiens
FRA-Ligue 1,1920,Bordeaux,379.0,377.0,Bordeaux
FRA-Ligue 1,1920,Metz,337.0,364.0,Metz
FRA-Ligue 1,1920,Nimes,359.0,429.0,Nîmes
FRA-Ligue 1,1920,Toulouse,396.0,317.0,Toulouse
FRA-Ligue 1,1920,St Etienne,371.0,348.0,Saint-Étienne
FRA-Ligue 1,1920,Reims,383.0,414.0,Reims
FRA-Ligue 1,1920,Rennes,387.0,419.0,Rennes
FRA-Ligue 1,2021,Bordeaux,465.0,501.0,Bordeaux
FRA-Ligue 1,2021,Dijon,513.0,442.0,Dijon
FRA-Ligue 1,2021,Lille,487.0,473.0,Lille
FRA-Ligue 1,2021,Monaco,485.0,499.0,Monaco
FRA-Ligue 1,2021,Lorient,473.0,498.0,Lorient
FRA-Ligue 1,2021,Nimes,422.0,562.0,Nîmes
FRA-Ligue 1,2021,Nice,459.0,464.0,Nice
FRA-Ligue 1,2021,Lyon,481.0,474.0,Lyon
FRA-Ligue 1,2021,Rennes,503.0,510.0,Rennes
FRA-Ligue 1,2021,Strasbourg,498.0,432.0,Strasbourg
FRA-Ligue 1,2021,Reims,441.0,436.0,Reims
FRA-Ligue 1,2021,Angers,455.0,507.0,Angers
FRA-Ligue 1,2021,Metz,512.0,497.0,Metz
FRA-Ligue 1,2021,Nantes,508.0,537.0,Nantes
FRA-Ligue 1,2021,St Etienne,530.0,522.0,Saint-Étienne
FRA-Ligue 1,2021,Brest,491.0,477.0,Brest
FRA-Ligue 1,2021,Lens,540.0,480.0,Lens
FRA-Ligue 1,2021,Montpellier,512.0,477.0,Montpellier
FRA-Ligue 1,2021,Paris SG,463.0,448.0,PSG
FRA-Ligue 1,2021,Marseille,499.0,501.0,Marseille
FRA-Ligue 1,2122,Monaco,496.0,428.0,Monaco
FRA-Ligue 1,2122,Lyon,435.0,447.0,Lyon
FRA-Ligue 1,2122,Troyes,441.0,492.0,Troyes
FRA-Ligue 1,2122,Rennes,420.0,400.0,Rennes
FRA-Ligue 1,2122,Bordeaux,458.0,410.0,Bordeaux
FRA-Ligue 1,2122,Nice,456.0,399.0,Nice
FRA-Ligue 1,2122,St Etienne,464.0,465.0,Saint-Étienne
FRA-Ligue 1,2122,Strasbourg,492.0,422.0,Strasbourg
FRA-Ligue 1,2122,Metz,514.0,439.0,Metz
FRA-Ligue 1,2122,Montpellier,411.0,491.0,Montpellier
FRA-Ligue 1,2122,Lorient,476.0,442.0,Lorient
FRA-Ligue 1,2122,Lille,445.0,446.0,Lille
FRA-Ligue 1,2122,Paris SG,355.0,441.0,PSG
FRA-Ligue 1,2122,Angers,470.0,482.0,Angers
FRA-Ligue 1,2122,Brest,425.0,441.0,Brest
FRA-Ligue 1,2122,Clermont,385.0,499.0,Clermont Foot
FRA-Ligue 1,2122,Nantes,500.0,394.0,Nantes
FRA-Ligue 1,2122,Reims,448.0,481.0,Reims
FRA-Ligue 1,2122,Lens,422.0,370.0,Lens
FRA-Ligue 1,2122,Marseille,347.0,471.0,Marseille
FRA-Ligue 1,2223,Lyon,501.0,477.0,Lyon
FRA-Ligue 1,2223,Strasbourg,528.0,496.0,Strasbourg
FRA-Ligue 1,2223,Clermont,424.0,616.0,Clermont Foot
FRA-Ligue 1,2223,Toulouse,472.0,437.0,Toulouse
FRA-Ligue 1,2223,Angers,492.0,437.0,Angers
FRA-Ligue 1,2223,Lens,492.0,517.0,Lens
FRA-Ligue 1,2223,Lille,497.0,506.0,Lille
FRA-Ligue 1,2223,Montpellier,486.0,551.0,Montpellier
FRA-Ligue 1,2223,Rennes,466.0,396.0,Rennes
FRA-Ligue 1,2223,Marseille,533.0,442.0,Marseille
FRA-Ligue 1,2223,Nantes,480.0,434.0,Nantes
FRA-Ligue 1,2223,Monaco,488.0,429.0,Monaco
FRA-Ligue 1,2223,Paris SG,377.0,442.0,PSG
FRA-Ligue 1,2223,Ajaccio,541.0,521.0,Ajaccio
FRA-Ligue 1,2223,Auxerre,463.0,438.0,Auxerre
FRA-Ligue 1,2223,Reims,505.0,435.0,Reims
FRA-Ligue 1,2223,Troyes,401.0,432.0,Troyes
FRA-Ligue 1,2223,Nice,382.0,412.0,Nice
FRA-Ligue 1,2223,Brest,498.0,480.0,Brest
FRA-Ligue 1,2223,Lorient,398.0,526.0,Lorient
FRA-Ligue 1,2324,Nice,401.0,387.0,Nice
FRA-Ligue 1,2324,Marseille,374.0,441.0,Marseille
FRA-Ligue 1,2324,Paris SG,353.0,373.0,PSG
FRA-Ligue 1,2324,Brest,412.0,445.0,Brest
FRA-Ligue 1,2324,Clermont,396.0,448.0,Clermont Foot
FRA-Ligue 1,2324,Montpellier,431.0,473.0,Montpellier
FRA-Ligue 1,2324,Nantes,448.0,382.0,Nantes
FRA-Ligue 1,2324,Rennes,424.0,450.0,Rennes
FRA-Ligue 1,2324,Strasbourg,462.0,431.0,Strasbourg
FRA-Ligue 1,2324,Metz,419.0,400.0,Metz
FRA-Ligue 1,2324,Lyon,425.0,388.0,Lyon
FRA-Ligue 1,2324,Toulouse,503.0,462.0,Toulouse
FRA-Ligue 1,2324,Lille,376.0,515.0,Lille
FRA-Ligue 1,2324,Le Havre,433.0,392.0,Le Havre
FRA-Ligue 1,2324,Lorient,402.0,431.0,Lorient
FRA-Ligue 1,2324,Reims,443.0,350.0,Reims
FRA-Ligue 1,2324,Monaco,481.0,421.0,Monaco
FRA-Ligue 1,2324,Lens,447.0,441.0,Lens
FRA-Ligue 1,2425,Le Havre,376.0,422.0,Le Havre
FRA-Ligue 1,2425,Brest,427.0,441.0,Brest
FRA-Ligue 1,2425,Reims,391.0,388.0,Reims
FRA-Ligue 1,2425,Monaco,460.0,461.0,Monaco
FRA-Ligue 1,2425,Auxerre,402.0,387.0,Auxerre
FRA-Ligue 1,2425,Angers,373.0,413.0,Angers
FRA-Ligue 1,2425,Montpellier,427.0,460.0,Montpellier
FRA-Ligue 1,2425,Toulouse,437.0,432.0,Toulouse
FRA-Ligue 1,2425,Rennes,443.0,407.0,Rennes
FRA-Ligue 1,2425,Paris SG,298.0,353.0,PSG
FRA-Ligue 1,2425,Lyon,393.0,384.0,Lyon
FRA-Ligue 1,2425,Lille,406.0,387.0,Lille
FRA-Ligue 1,2425,St Etienne,448.0,386.0,Saint-Étienne
FRA-Ligue 1,2425,Lens,493.0,374.0,Lens
FRA-Ligue 1,2425,Nantes,407.0,405.0,Nantes
FRA-Ligue 1,2425,Nice,390.0,431.0,Nice
FRA-Ligue 1,2425,Strasbourg,391.0,435.0,Strasbourg
FRA-Ligue 1,2425,Marseille,387.0,383.0,Marseille
FRA-Ligue 1,2526,Rennes,421.0,410.0,Rennes
FRA-Ligue 1,2526,Lens,432.0,407.0,Lens
FRA-Ligue 1,2526,Monaco,441.0,368.0,Monaco
FRA-Ligue 1,2526,Nice,420.0,397.0,Nice
FRA-Ligue 1,2526,Brest,434.0,394.0,Brest
FRA-Ligue 1,2526,Angers,377.0,384.0,Angers
FRA-Ligue 1,2526,Auxerre,467.0,460.0,Auxerre
FRA-Ligue 1,2526,Metz,387.0,380.0,Metz
FRA-Ligue 1,2526,Nantes,423.0,469.0,Nantes
FRA-Ligue 1,2526,Paris SG,312.0,320.0,PSG
FRA-Ligue 1,2526,Marseille,432.0,373.0,Marseille
FRA-Ligue 1,2526,Lyon,442.0,456.0,Lyon
FRA-Ligue 1,2526,Lorient,326.0,450.0,Lorient
FRA-Ligue 1,2526,Le Havre,466.0,480.0,Le Havre
FRA-Ligue 1,2526,Strasbourg,383.0,437.0,Strasbourg
FRA-Ligue 1,2526,Toulouse,479.0,371.0,Toulouse
FRA-Ligue 1,2526,Lille,370.0,453.0,Lille
FRA-Ligue 1,2526,Paris FC,363.0,366.0,Paris FC
