league,season,team,team_understat,targetes_grogues_understat,targetes_vermelles_understat
ENG-Premier League,1415,Arsenal,Arsenal,68,2
ENG-Premier League,1415,Aston Villa,Aston_Villa,70,7
ENG-Premier League,1415,Burnley,Burnley,64,2
ENG-Premier League,1415,Chelsea,Chelsea,73,4
ENG-Premier League,1415,Crystal Palace,Crystal_Palace,63,4
ENG-Premier League,1415,Everton,Everton,66,2
ENG-Premier League,1415,Hull City,Hull,73,6
ENG-Premier League,1415,Leicester City,Leicester,49,4
ENG-Premier League,1415,Liverpool,Liverpool,66,2
ENG-Premier League,1415,Manchester City,Manchester_City,77,2
ENG-Premier League,1415,Manchester Utd,Manchester_United,64,5
ENG-Premier League,1415,Newcastle,Newcastle_United,65,7
ENG-Premier League,1415,QPR,Queens_Park_Rangers,75,3
ENG-Premier League,1415,Southampton,Southampton,57,3
ENG-Premier League,1415,Stoke City,Stoke,82,1
ENG-Premier League,1415,Sunderland,Sunderland,94,2
ENG-Premier League,1415,Swansea City,Swansea,48,5
ENG-Premier League,1415,Tottenham,Tottenham,79,4
ENG-Premier League,1415,West Brom,West_Bromwich_Albion,64,3
ENG-Premier League,1415,West Ham,West_Ham,64,2
ENG-Premier League,1516,Arsenal,Arsenal,40,4
ENG-Premier League,1516,Aston Villa,Aston_Villa,75,3
ENG-Premier League,1516,Bournemouth,Bournemouth,53,1
ENG-Premier League,1516,Chelsea,Chelsea,58,5
ENG-Premier League,1516,Crystal Palace,Crystal_Palace,60,2
ENG-Premier League,1516,Everton,Everton,44,5
ENG-Premier League,1516,Leicester City,Leicester,48,3
ENG-Premier League,1516,Liverpool,Liverpool,61,3
ENG-Premier League,1516,Manchester City,Manchester_City,61,0
ENG-Premier League,1516,Manchester Utd,Manchester_United,65,1
ENG-Premier League,1516,Newcastle,Newcastle_United,60,5
ENG-Premier League,1516,Norwich City,Norwich,61,3
ENG-Premier League,1516,Southampton,Southampton,57,6
ENG-Premier League,1516,Stoke City,Stoke,51,4
ENG-Premier League,1516,Sunderland,Sunderland,64,2
ENG-Premier League,1516,Swansea City,Swansea,60,1
ENG-Premier League,1516,Tottenham,Tottenham,72,0
ENG-Premier League,1516,Watford,Watford,73,3
ENG-Premier League,1516,West Brom,West_Bromwich_Albion,65,3
ENG-Premier League,1516,West Ham,West_Ham,58,5
ENG-Premier League,1617,Arsenal,Arsenal,68,3
ENG-Premier League,1617,Bournemouth,Bournemouth,52,3
ENG-Premier League,1617,Burnley,Burnley,65,2
ENG-Premier League,1617,Chelsea,Chelsea,72,0
ENG-Premier League,1617,Crystal Palace,Crystal_Palace,77,0
ENG-Premier League,1617,Everton,Everton,72,2
ENG-Premier League,1617,Hull City,Hull,67,5
ENG-Premier League,1617,Leicester City,Leicester,72,1
ENG-Premier League,1617,Liverpool,Liverpool,54,0
ENG-Premier League,1617,Manchester City,Manchester_City,71,4
ENG-Premier League,1617,Manchester Utd,Manchester_United,78,2
ENG-Premier League,1617,Middlesbrough,Middlesbrough,77,1
ENG-Premier League,1617,Southampton,Southampton,59,2
ENG-Premier League,1617,Stoke City,Stoke,70,2
ENG-Premier League,1617,Sunderland,Sunderland,78,4
ENG-Premier League,1617,Swansea City,Swansea,56,0
ENG-Premier League,1617,Tottenham,Tottenham,62,0
ENG-Premier League,1617,Watford,Watford,84,5
ENG-Premier League,1617,West Brom,West_Bromwich_Albion,80,0
ENG-Premier League,1617,West Ham,West_Ham,78,5
ENG-Premier League,1718,Arsenal,Arsenal,57,2
ENG-Premier League,1718,Bournemouth,Bournemouth,55,1
ENG-Premier League,1718,Brighton,Brighton,54,2
ENG-Premier League,1718,Burnley,Burnley,65,0
ENG-Premier League,1718,Chelsea,Chelsea,43,4
ENG-Premier League,1718,Crystal Palace,Crystal_Palace,72,0
ENG-Premier League,1718,Everton,Everton,51,3
ENG-Premier League,1718,Huddersfield,Huddersfield,61,3
ENG-Premier League,1718,Leicester City,Leicester,52,5
ENG-Premier League,1718,Liverpool,Liverpool,44,1
ENG-Premier League,1718,Manchester City,Manchester_City,58,2
ENG-Premier League,1718,Manchester Utd,Manchester_United,64,1
ENG-Premier League,1718,Newcastle,Newcastle_United,52,2
ENG-Premier League,1718,Southampton,Southampton,63,2
ENG-Premier League,1718,Stoke City,Stoke,62,1
ENG-Premier League,1718,Swansea City,Swansea,51,1
ENG-Premier League,1718,Tottenham,Tottenham,50,2
ENG-Premier League,1718,Watford,Watford,63,4
ENG-Premier League,1718,West Brom,West_Bromwich_Albion,72,1
ENG-Premier League,1718,West Ham,West_Ham,73,2
ENG-Premier League,1819,Arsenal,Arsenal,72,2
ENG-Premier League,1819,Bournemouth,Bournemouth,60,1
ENG-Premier League,1819,Brighton,Brighton,60,4
ENG-Premier League,1819,Burnley,Burnley,75,1
ENG-Premier League,1819,Cardiff City,Cardiff,65,1
ENG-Premier League,1819,Chelsea,Chelsea,49,0
ENG-Premier League,1819,Crystal Palace,Crystal_Palace,58,2
ENG-Premier League,1819,Everton,Everton,55,4
ENG-Premier League,1819,Fulham,Fulham,68,2
ENG-Premier League,1819,Huddersfield,Huddersfield,55,4
ENG-Premier League,1819,Leicester City,Leicester,57,5
ENG-Premier League,1819,Liverpool,Liverpool,37,2
ENG-Premier League,1819,Manchester City,Manchester_City,44,1
ENG-Premier League,1819,Manchester Utd,Manchester_United,73,4
ENG-Premier League,1819,Newcastle,Newcastle_United,57,2
ENG-Premier League,1819,Southampton,Southampton,71,3
ENG-Premier League,1819,Tottenham,Tottenham,56,3
ENG-Premier League,1819,Watford,Watford,77,4
ENG-Premier League,1819,West Ham,West_Ham,59,1
ENG-Premier League,1819,Wolves,Wolverhampton_Wanderers,72,1
ENG-Premier League,1920,Arsenal,Arsenal,86,5
ENG-Premier League,1920,Aston Villa,Aston_Villa,67,1
ENG-Premier League,1920,Bournemouth,Bournemouth,74,3
ENG-Premier League,1920,Brighton,Brighton,56,2
ENG-Premier League,1920,Burnley,Burnley,67,0
ENG-Premier League,1920,Chelsea,Chelsea,60,0
ENG-Premier League,1920,Crystal Palace,Crystal_Palace,62,2
ENG-Premier League,1920,Everton,Everton,70,3
ENG-Premier League,1920,Leicester City,Leicester,42,3
ENG-Premier League,1920,Liverpool,Liverpool,38,1
ENG-Premier League,1920,Manchester City,Manchester_City,60,4
ENG-Premier League,1920,Manchester Utd,Manchester_United,72,0
ENG-Premier League,1920,Newcastle,Newcastle_United,66,3
ENG-Premier League,1920,Norwich City,Norwich,68,3
ENG-Premier League,1920,Sheffield United,Sheffield_United,61,2
ENG-Premier League,1920,Southampton,Southampton,53,4
ENG-Premier League,1920,Tottenham,Tottenham,82,3
ENG-Premier League,1920,Watford,Watford,76,3
ENG-Premier League,1920,West Ham,West_Ham,62,1
ENG-Premier League,1920,Wolves,Wolverhampton_Wanderers,57,2
ENG-Premier League,2021,Arsenal,Arsenal,47,5
ENG-Premier League,2021,Aston Villa,Aston_Villa,62,4
ENG-Premier League,2021,Brighton,Brighton,45,6
ENG-Premier League,2021,Burnley,Burnley,48,0
ENG-Premier League,2021,Chelsea,Chelsea,49,3
ENG-Premier League,2021,Crystal Palace,Crystal_Palace,54,2
ENG-Premier League,2021,Everton,Everton,60,2
ENG-Premier League,2021,Fulham,Fulham,67,3
ENG-Premier League,2021,Leeds United,Leeds,61,1
ENG-Premier League,2021,Leicester City,Leicester,60,0
ENG-Premier League,2021,Liverpool,Liverpool,40,0
ENG-Premier League,2021,Manchester City,Manchester_City,46,2
ENG-Premier League,2021,Manchester Utd,Manchester_United,64,1
ENG-Premier League,2021,Newcastle,Newcastle_United,60,3
ENG-Premier League,2021,Sheffield United,Sheffield_United,73,3
ENG-Premier League,2021,Southampton,Southampton,52,3
ENG-Premier League,2021,Tottenham,Tottenham,53,2
ENG-Premier League,2021,West Brom,West_Bromwich_Albion,51,4
ENG-Premier League,2021,West Ham,West_Ham,48,3
ENG-Premier League,2021,Wolves,Wolverhampton_Wanderers,52,1
ENG-Premier League,2122,Arsenal,Arsenal,61,4
ENG-Premier League,2122,Aston Villa,Aston_Villa,79,2
ENG-Premier League,2122,Brentford,Brentford,61,3
ENG-Premier League,2122,Brighton,Brighton,72,2
ENG-Premier League,2122,Burnley,Burnley,68,2
ENG-Premier League,2122,Chelsea,Chelsea,63,1
ENG-Premier League,2122,Crystal Palace,Crystal_Palace,66,1
ENG-Premier League,2122,Everton,Everton,75,6
ENG-Premier League,2122,Leeds United,Leeds,100,3
ENG-Premier League,2122,Leicester City,Leicester,54,1
ENG-Premier League,2122,Liverpool,Liverpool,50,1
ENG-Premier League,2122,Manchester City,Manchester_City,42,1
ENG-Premier League,2122,Manchester Utd,Manchester_United,75,2
ENG-Premier League,2122,Newcastle,Newcastle_United,78,2
ENG-Premier League,2122,Norwich City,Norwich,55,1
ENG-Premier League,2122,Southampton,Southampton,63,2
ENG-Premier League,2122,Tottenham,Tottenham,67,1
ENG-Premier League,2122,Watford,Watford,57,3
ENG-Premier League,2122,West Ham,West_Ham,48,3
ENG-Premier League,2122,Wolves,Wolverhampton_Wanderers,58,2
ENG-Premier League,2223,Arsenal,Arsenal,51,0
ENG-Premier League,2223,Aston Villa,Aston_Villa,80,1
ENG-Premier League,2223,Bournemouth,Bournemouth,68,0
ENG-Premier League,2223,Brentford,Brentford,55,1
ENG-Premier League,2223,Brighton,Brighton,58,0
ENG-Premier League,2223,Chelsea,Chelsea,77,3
ENG-Premier League,2223,Crystal Palace,Crystal_Palace,78,3
ENG-Premier League,2223,Everton,Everton,78,2
ENG-Premier League,2223,Fulham,Fulham,80,1
ENG-Premier League,2223,Leeds United,Leeds,85,3
ENG-Premier League,2223,Leicester City,Leicester,59,2
ENG-Premier League,2223,Liverpool,Liverpool,57,1
ENG-Premier League,2223,Manchester City,Manchester_City,43,1
ENG-Premier League,2223,Manchester Utd,Manchester_United,78,2
ENG-Premier League,2223,Newcastle,Newcastle_United,59,1
ENG-Premier League,2223,Nottingham,Nottingham_Forest,84,0
ENG-Premier League,2223,Southampton,Southampton,73,0
ENG-Premier League,2223,Tottenham,Tottenham,75,3
ENG-Premier League,2223,West Ham,West_Ham,44,0
ENG-Premier League,2223,Wolves,Wolverhampton_Wanderers,83,5
ENG-Premier League,2324,Arsenal,Arsenal,62,2
ENG-Premier League,2324,Aston Villa,Aston_Villa,94,2
ENG-Premier League,2324,Bournemouth,Bournemouth,80,3
ENG-Premier League,2324,Brentford,Brentford,89,2
ENG-Premier League,2324,Brighton,Brighton,89,3
ENG-Premier League,2324,Burnley,Burnley,71,7
ENG-Premier League,2324,Chelsea,Chelsea,103,4
ENG-Premier League,2324,Crystal Palace,Crystal_Palace,69,2
ENG-Premier League,2324,Everton,Everton,79,1
ENG-Premier League,2324,Fulham,Fulham,78,4
ENG-Premier League,2324,Liverpool,Liverpool,65,5
ENG-Premier League,2324,Luton Town,Luton,71,0
ENG-Premier League,2324,Manchester City,Manchester_City,51,2
ENG-Premier League,2324,Manchester Utd,Manchester_United,80,1
ENG-Premier League,2324,Newcastle,Newcastle_United,77,1
ENG-Premier League,2324,Nottingham,Nottingham_Forest,76,3
ENG-Premier League,2324,Sheffield United,Sheffield_United,94,5
ENG-Premier League,2324,Tottenham,Tottenham,88,4
ENG-Premier League,2324,West Ham,West_Ham,76,3
ENG-Premier League,2324,Wolves,Wolverhampton_Wanderers,97,4
ENG-Premier League,2425,Arsenal,Arsenal,64,6
ENG-Premier League,2425,Aston Villa,Aston_Villa,72,4
ENG-Premier League,2425,Bournemouth,Bournemouth,97,3
ENG-Premier League,2425,Brentford,Brentford,62,1
ENG-Premier League,2425,Brighton,Brighton,73,3
ENG-Premier League,2425,Chelsea,Chelsea,99,2
ENG-Premier League,2425,Crystal Palace,Crystal_Palace,74,4
ENG-Premier League,2425,Everton,Everton,79,2
ENG-Premier League,2425,Fulham,Fulham,80,2
ENG-Premier League,2425,Ipswich Town,Ipswich,83,5
ENG-Premier League,2425,Leicester City,Leicester,87,0
ENG-Premier League,2425,Liverpool,Liverpool,65,3
ENG-Premier League,2425,Manchester City,Manchester_City,57,2
ENG-Premier League,2425,Manchester Utd,Manchester_United,84,3
ENG-Premier League,2425,Newcastle,Newcastle_United,68,1
ENG-Premier League,2425,Nottingham,Nottingham_Forest,86,2
ENG-Premier League,2425,Southampton,Southampton,89,3
ENG-Premier League,2425,Tottenham,Tottenham,70,1
ENG-Premier League,2425,West Ham,West_Ham,77,3
ENG-Premier League,2425,Wolves,Wolverhampton_Wanderers,75,1
ENG-Premier League,2526,Arsenal,Arsenal,51,0
ENG-Premier League,2526,Aston Villa,Aston_Villa,57,1
ENG-Premier League,2526,Bournemouth,Bournemouth,88,2
ENG-Premier League,2526,Brentford,Brentford,69,1
ENG-Premier League,2526,Brighton,Brighton,86,0
ENG-Premier League,2526,Burnley,Burnley,63,3
ENG-Premier League,2526,Chelsea,Chelsea,91,8
ENG-Premier League,2526,Crystal Palace,Crystal_Palace,74,2
ENG-Premier League,2526,Everton,Everton,71,4
ENG-Premier League,2526,Fulham,Fulham,75,1
ENG-Premier League,2526,Leeds United,Leeds,62,1
ENG-Premier League,2526,Liverpool,Liverpool,57,1
ENG-Premier League,2526,Manchester City,Manchester_City,65,0
ENG-Premier League,2526,Manchester Utd,Manchester_United,62,3
ENG-Premier League,2526,Newcastle,Newcastle_United,62,3
ENG-Premier League,2526,Nottingham,Nottingham_Forest,59,1
ENG-Premier League,2526,Sunderland,Sunderland,83,3
ENG-Premier League,2526,Tottenham,Tottenham,98,4
ENG-Premier League,2526,West Ham,West_Ham,66,3
ENG-Premier League,2526,Wolves,Wolverhampton_Wanderers,78,3
ESP-La Liga,1415,Almería,Almería,104,11
ESP-La Liga,1415,Athletic Club,Athletic_Club,96,4
ESP-La Liga,1415,Atlético Madrid,Atlético_Madrid,110,5
ESP-La Liga,1415,Barcelona,Barcelona,67,3
ESP-La Liga,1415,Celta Vigo,Celta_Vigo,117,5
ESP-La Liga,1415,Córdoba,Córdoba,94,9
ESP-La Liga,1415,Dep. La Coruña,Deportivo_La_Coruna,101,4
ESP-La Liga,1415,Eibar,Eibar,103,5
ESP-La Liga,1415,Elche,Elche,103,6
ESP-La Liga,1415,Espanyol,Espanyol,109,6
ESP-La Liga,1415,Getafe,Getafe,95,4
ESP-La Liga,1415,Granada,Granada,110,5
ESP-La Liga,1415,Levante,Levante,107,3
ESP-La Liga,1415,Málaga,Málaga,107,8
ESP-La Liga,1415,Rayo Vallecano,Rayo_Vallecano,106,6
ESP-La Liga,1415,Real Madrid,Real_Madrid,85,3
ESP-La Liga,1415,Real Sociedad,Real_Sociedad,88,1
ESP-La Liga,1415,Sevilla,Sevilla,116,2
ESP-La Liga,1415,Valencia,Valencia,103,9
ESP-La Liga,1415,Villarreal,Villarreal,92,2
ESP-La Liga,1516,Athletic Club,Athletic_Club,83,6
ESP-La Liga,1516,Atlético Madrid,Atlético_Madrid,88,3
ESP-La Liga,1516,Barcelona,Barcelona,66,1
ESP-La Liga,1516,Celta Vigo,Celta_Vigo,108,7
ESP-La Liga,1516,Dep. La Coruña,Deportivo_La_Coruna,79,4
ESP-La Liga,1516,Eibar,Eibar,103,4
ESP-La Liga,1516,Espanyol,Espanyol,122,5
ESP-La Liga,1516,Getafe,Getafe,124,6
ESP-La Liga,1516,Granada,Granada,133,7
ESP-La Liga,1516,Las Palmas,Las_Palmas,95,4
ESP-La Liga,1516,Levante,Levante,125,6
ESP-La Liga,1516,Málaga,Málaga,103,5
ESP-La Liga,1516,Rayo Vallecano,Rayo_Vallecano,108,9
ESP-La Liga,1516,Real Betis,Real_Betis,104,5
ESP-La Liga,1516,Real Madrid,Real_Madrid,68,5
ESP-La Liga,1516,Real Sociedad,Real_Sociedad,104,5
ESP-La Liga,1516,Sevilla,Sevilla,95,7
ESP-La Liga,1516,Sporting Gijón,Sporting_Gijón,98,6
ESP-La Liga,1516,Valencia,Valencia,103,7
ESP-La Liga,1516,Villarreal,Villarreal,96,4
ESP-La Liga,1617,Alavés,Alavés,114,5
ESP-La Liga,1617,Athletic Club,Athletic_Club,87,2
ESP-La Liga,1617,Atlético Madrid,Atlético_Madrid,80,3
ESP-La Liga,1617,Barcelona,Barcelona,73,1
ESP-La Liga,1617,Celta Vigo,Celta_Vigo,97,7
ESP-La Liga,1617,Dep. La Coruña,Deportivo_La_Coruna,93,4
ESP-La Liga,1617,Eibar,Eibar,92,7
ESP-La Liga,1617,Espanyol,Espanyol,80,2
ESP-La Liga,1617,Granada,Granada,109,6
ESP-La Liga,1617,Las Palmas,Las_Palmas,98,6
ESP-La Liga,1617,Leganés,Leganés,104,3
ESP-La Liga,1617,Málaga,Málaga,108,7
ESP-La Liga,1617,Osasuna,Osasuna,98,3
ESP-La Liga,1617,Real Betis,Real_Betis,102,4
ESP-La Liga,1617,Real Madrid,Real_Madrid,75,2
ESP-La Liga,1617,Real Sociedad,Real_Sociedad,79,6
ESP-La Liga,1617,Sevilla,Sevilla,104,4
ESP-La Liga,1617,Sporting Gijón,Sporting_Gijón,112,3
ESP-La Liga,1617,Valencia,Valencia,108,6
ESP-La Liga,1617,Villarreal,Villarreal,86,4
ESP-La Liga,1718,Alavés,Alavés,101,4
ESP-La Liga,1718,Athletic Club,Athletic_Club,94,0
ESP-La Liga,1718,Atlético Madrid,Atlético_Madrid,91,5
ESP-La Liga,1718,Barcelona,Barcelona,68,2
ESP-La Liga,1718,Celta Vigo,Celta_Vigo,87,1
ESP-La Liga,1718,Dep. La Coruña,Deportivo_La_Coruna,97,2
ESP-La Liga,1718,Eibar,Eibar,82,3
ESP-La Liga,1718,Espanyol,Espanyol,87,1
ESP-La Liga,1718,Getafe,Getafe,127,5
ESP-La Liga,1718,Girona,Girona,102,0
ESP-La Liga,1718,Las Palmas,Las_Palmas,87,3
ESP-La Liga,1718,Leganés,Leganés,99,5
ESP-La Liga,1718,Levante,Levante,104,4
ESP-La Liga,1718,Málaga,Málaga,90,8
ESP-La Liga,1718,Real Betis,Real_Betis,89,3
ESP-La Liga,1718,Real Madrid,Real_Madrid,63,4
ESP-La Liga,1718,Real Sociedad,Real_Sociedad,57,5
ESP-La Liga,1718,Sevilla,Sevilla,95,3
ESP-La Liga,1718,Valencia,Valencia,98,5
ESP-La Liga,1718,Villarreal,Villarreal,107,6
ESP-La Liga,1819,Alavés,Alavés,101,1
ESP-La Liga,1819,Athletic Club,Athletic_Club,117,5
ESP-La Liga,1819,Atlético Madrid,Atlético_Madrid,96,5
ESP-La Liga,1819,Barcelona,Barcelona,75,2
ESP-La Liga,1819,Celta Vigo,Celta_Vigo,74,6
ESP-La Liga,1819,Eibar,Eibar,78,2
ESP-La Liga,1819,Espanyol,Espanyol,88,2
ESP-La Liga,1819,Getafe,Getafe,104,7
ESP-La Liga,1819,Girona,Girona,79,4
ESP-La Liga,1819,Huesca,SD_Huesca,113,3
ESP-La Liga,1819,Leganés,Leganés,102,4
ESP-La Liga,1819,Levante,Levante,100,7
ESP-La Liga,1819,Rayo Vallecano,Rayo_Vallecano,97,8
ESP-La Liga,1819,Real Betis,Real_Betis,90,1
ESP-La Liga,1819,Real Madrid,Real_Madrid,75,6
ESP-La Liga,1819,Real Sociedad,Real_Sociedad,78,4
ESP-La Liga,1819,Sevilla,Sevilla,111,6
ESP-La Liga,1819,Valencia,Valencia,86,3
ESP-La Liga,1819,Valladolid,Real_Valladolid,91,0
ESP-La Liga,1819,Villarreal,Villarreal,111,3
ESP-La Liga,1920,Alavés,Alavés,105,7
ESP-La Liga,1920,Athletic Club,Athletic_Club,89,2
ESP-La Liga,1920,Atlético Madrid,Atlético_Madrid,89,3
ESP-La Liga,1920,Barcelona,Barcelona,86,6
ESP-La Liga,1920,Celta Vigo,Celta_Vigo,95,6
ESP-La Liga,1920,Eibar,Eibar,87,3
ESP-La Liga,1920,Espanyol,Espanyol,93,9
ESP-La Liga,1920,Getafe,Getafe,131,4
ESP-La Liga,1920,Granada,Granada,106,1
ESP-La Liga,1920,Leganés,Leganés,121,4
ESP-La Liga,1920,Levante,Levante,71,5
ESP-La Liga,1920,Mallorca,Mallorca,84,5
ESP-La Liga,1920,Osasuna,Osasuna,104,6
ESP-La Liga,1920,Real Betis,Real_Betis,99,8
ESP-La Liga,1920,Real Madrid,Real_Madrid,76,4
ESP-La Liga,1920,Real Sociedad,Real_Sociedad,76,2
ESP-La Liga,1920,Sevilla,Sevilla,96,1
ESP-La Liga,1920,Valencia,Valencia,74,8
ESP-La Liga,1920,Valladolid,Real_Valladolid,84,0
ESP-La Liga,1920,Villarreal,Villarreal,78,0
ESP-La Liga,2021,Alavés,Alavés,83,7
ESP-La Liga,2021,Athletic Club,Athletic_Club,80,2
ESP-La Liga,2021,Atlético Madrid,Atlético_Madrid,95,0
ESP-La Liga,2021,Barcelona,Barcelona,67,2
ESP-La Liga,2021,Celta Vigo,Celta_Vigo,101,5
ESP-La Liga,2021,Cádiz,Cádiz,76,3
ESP-La Liga,2021,Eibar,Eibar,67,3
ESP-La Liga,2021,Elche,Elche,95,3
ESP-La Liga,2021,Getafe,Getafe,116,7
ESP-La Liga,2021,Granada,Granada,95,6
ESP-La Liga,2021,Huesca,SD_Huesca,67,2
ESP-La Liga,2021,Levante,Levante,68,1
ESP-La Liga,2021,Osasuna,Osasuna,73,5
ESP-La Liga,2021,Real Betis,Real_Betis,85,8
ESP-La Liga,2021,Real Madrid,Real_Madrid,57,2
ESP-La Liga,2021,Real Sociedad,Real_Sociedad,81,1
ESP-La Liga,2021,Sevilla,Sevilla,74,2
ESP-La Liga,2021,Valencia,Valencia,76,5
ESP-La Liga,2021,Valladolid,Real_Valladolid,93,3
ESP-La Liga,2021,Villarreal,Villarreal,64,3
ESP-La Liga,2122,Alavés,Alavés,88,3
ESP-La Liga,2122,Athletic Club,Athletic_Club,84,4
ESP-La Liga,2122,Atlético Madrid,Atlético_Madrid,103,7
ESP-La Liga,2122,Barcelona,Barcelona,91,5
ESP-La Liga,2122,Celta Vigo,Celta_Vigo,84,3
ESP-La Liga,2122,Cádiz,Cádiz,99,3
ESP-La Liga,2122,Elche,Elche,101,5
ESP-La Liga,2122,Espanyol,Espanyol,91,6
ESP-La Liga,2122,Getafe,Getafe,117,6
ESP-La Liga,2122,Granada,Granada,100,3
ESP-La Liga,2122,Levante,Levante,106,5
ESP-La Liga,2122,Mallorca,Mallorca,104,5
ESP-La Liga,2122,Osasuna,Osasuna,81,2
ESP-La Liga,2122,Rayo Vallecano,Rayo_Vallecano,99,3
ESP-La Liga,2122,Real Betis,Real_Betis,84,6
ESP-La Liga,2122,Real Madrid,Real_Madrid,76,0
ESP-La Liga,2122,Real Sociedad,Real_Sociedad,75,4
ESP-La Liga,2122,Sevilla,Sevilla,92,4
ESP-La Liga,2122,Valencia,Valencia,121,8
ESP-La Liga,2122,Villarreal,Villarreal,79,1
ESP-La Liga,2223,Almería,Almería,94,3
ESP-La Liga,2223,Athletic Club,Athletic_Club,79,5
ESP-La Liga,2223,Atlético Madrid,Atlético_Madrid,84,8
ESP-La Liga,2223,Barcelona,Barcelona,77,5
ESP-La Liga,2223,Celta Vigo,Celta_Vigo,75,6
ESP-La Liga,2223,Cádiz,Cádiz,106,7
ESP-La Liga,2223,Elche,Elche,92,11
ESP-La Liga,2223,Espanyol,Espanyol,91,10
ESP-La Liga,2223,Getafe,Getafe,112,9
ESP-La Liga,2223,Girona,Girona,88,2
ESP-La Liga,2223,Mallorca,Mallorca,119,5
ESP-La Liga,2223,Osasuna,Osasuna,91,7
ESP-La Liga,2223,Rayo Vallecano,Rayo_Vallecano,85,5
ESP-La Liga,2223,Real Betis,Real_Betis,76,15
ESP-La Liga,2223,Real Madrid,Real_Madrid,68,3
ESP-La Liga,2223,Real Sociedad,Real_Sociedad,90,2
ESP-La Liga,2223,Sevilla,Sevilla,110,13
ESP-La Liga,2223,Valencia,Valencia,85,8
ESP-La Liga,2223,Valladolid,Real_Valladolid,89,6
ESP-La Liga,2223,Villarreal,Villarreal,87,3
ESP-La Liga,2324,Alavés,Alavés,83,1
ESP-La Liga,2324,Almería,Almería,84,6
ESP-La Liga,2324,Athletic Club,Athletic_Club,73,5
ESP-La Liga,2324,Atlético Madrid,Atlético_Madrid,83,5
ESP-La Liga,2324,Barcelona,Barcelona,85,2
ESP-La Liga,2324,Celta Vigo,Celta_Vigo,60,4
ESP-La Liga,2324,Cádiz,Cádiz,110,7
ESP-La Liga,2324,Getafe,Getafe,123,9
ESP-La Liga,2324,Girona,Girona,73,1
ESP-La Liga,2324,Granada,Granada,93,4
ESP-La Liga,2324,Las Palmas,Las_Palmas,78,4
ESP-La Liga,2324,Mallorca,Mallorca,97,2
ESP-La Liga,2324,Osasuna,Osasuna,72,5
ESP-La Liga,2324,Rayo Vallecano,Rayo_Vallecano,98,5
ESP-La Liga,2324,Real Betis,Real_Betis,85,3
ESP-La Liga,2324,Real Madrid,Real_Madrid,65,3
ESP-La Liga,2324,Real Sociedad,Real_Sociedad,97,2
ESP-La Liga,2324,Sevilla,Sevilla,106,4
ESP-La Liga,2324,Valencia,Valencia,60,5
ESP-La Liga,2324,Villarreal,Villarreal,100,7
ESP-La Liga,2425,Alavés,Alavés,103,5
ESP-La Liga,2425,Athletic Club,Athletic_Club,62,3
ESP-La Liga,2425,Atlético Madrid,Atlético_Madrid,72,3
ESP-La Liga,2425,Barcelona,Barcelona,61,3
ESP-La Liga,2425,Celta Vigo,Celta_Vigo,78,5
ESP-La Liga,2425,Espanyol,Espanyol,85,1
ESP-La Liga,2425,Getafe,Getafe,104,7
ESP-La Liga,2425,Girona,Girona,75,1
ESP-La Liga,2425,Las Palmas,Las_Palmas,102,4
ESP-La Liga,2425,Leganés,Leganés,81,5
ESP-La Liga,2425,Mallorca,Mallorca,77,6
ESP-La Liga,2425,Osasuna,Osasuna,87,0
ESP-La Liga,2425,Rayo Vallecano,Rayo_Vallecano,95,3
ESP-La Liga,2425,Real Betis,Real_Betis,72,4
ESP-La Liga,2425,Real Madrid,Real_Madrid,57,3
ESP-La Liga,2425,Real Sociedad,Real_Sociedad,85,4
ESP-La Liga,2425,Sevilla,Sevilla,92,8
ESP-La Liga,2425,Valencia,Valencia,86,1
ESP-La Liga,2425,Valladolid,Real_Valladolid,88,5
ESP-La Liga,2425,Villarreal,Villarreal,94,4
ESP-La Liga,2526,Alavés,Alavés,84,5
ESP-La Liga,2526,Athletic Club,Athletic_Club,77,5
ESP-La Liga,2526,Atlético Madrid,Atlético_Madrid,74,5
ESP-La Liga,2526,Barcelona,Barcelona,54,2
ESP-La Liga,2526,Celta Vigo,Celta_Vigo,70,1
ESP-La Liga,2526,Elche,Elche,75,5
ESP-La Liga,2526,Espanyol,Espanyol,84,5
ESP-La Liga,2526,Getafe,Getafe,101,8
ESP-La Liga,2526,Girona,Girona,75,7
ESP-La Liga,2526,Levante,Levante,82,5
ESP-La Liga,2526,Mallorca,Mallorca,77,5
ESP-La Liga,2526,Osasuna,Osasuna,86,6
ESP-La Liga,2526,Oviedo,Real_Oviedo,72,10
ESP-La Liga,2526,Rayo Vallecano,Rayo_Vallecano,94,9
ESP-La Liga,2526,Real Betis,Real_Betis,69,2
ESP-La Liga,2526,Real Madrid,Real_Madrid,66,5
ESP-La Liga,2526,Real Sociedad,Real_Sociedad,88,4
ESP-La Liga,2526,Sevilla,Sevilla,102,4
ESP-La Liga,2526,Valencia,Valencia,70,3
ESP-La Liga,2526,Villarreal,Villarreal,77,3
GER-Bundesliga,1415,Augsburg,Augsburg,61,3
GER-Bundesliga,1415,Bayern Munich,Bayern_Munich,36,2
GER-Bundesliga,1415,Dortmund,Borussia_Dortmund,54,0
GER-Bundesliga,1415,Frankfurt,Eintracht_Frankfurt,84,3
GER-Bundesliga,1415,Freiburg,Freiburg,63,4
GER-Bundesliga,1415,Gladbach,Borussia_M.Gladbach,54,2
GER-Bundesliga,1415,Hamburger SV,Hamburger_SV,83,5
GER-Bundesliga,1415,Hannover 96,Hannover_96,72,5
GER-Bundesliga,1415,Hertha BSC,Hertha_Berlin,71,4
GER-Bundesliga,1415,Hoffenheim,Hoffenheim,66,2
GER-Bundesliga,1415,Köln,FC_Cologne,48,2
GER-Bundesliga,1415,Leverkusen,Bayer_Leverkusen,76,4
GER-Bundesliga,1415,Mainz 05,Mainz_05,53,2
GER-Bundesliga,1415,Paderborn 07,Paderborn,51,3
GER-Bundesliga,1415,Schalke 04,Schalke_04,64,4
GER-Bundesliga,1415,Stuttgart,VfB_Stuttgart,56,5
GER-Bundesliga,1415,Werder Bremen,Werder_Bremen,67,2
GER-Bundesliga,1415,Wolfsburg,Wolfsburg,44,1
GER-Bundesliga,1516,Augsburg,Augsburg,80,2
GER-Bundesliga,1516,Bayern Munich,Bayern_Munich,46,2
GER-Bundesliga,1516,Darmstadt 98,Darmstadt,86,1
GER-Bundesliga,1516,Dortmund,Borussia_Dortmund,39,0
GER-Bundesliga,1516,Frankfurt,Eintracht_Frankfurt,93,3
GER-Bundesliga,1516,Gladbach,Borussia_M.Gladbach,45,3
GER-Bundesliga,1516,Hamburger SV,Hamburger_SV,73,3
GER-Bundesliga,1516,Hannover 96,Hannover_96,66,0
GER-Bundesliga,1516,Hertha BSC,Hertha_Berlin,66,3
GER-Bundesliga,1516,Hoffenheim,Hoffenheim,59,3
GER-Bundesliga,1516,Ingolstadt,Ingolstadt,79,2
GER-Bundesliga,1516,Köln,FC_Cologne,55,2
GER-Bundesliga,1516,Leverkusen,Bayer_Leverkusen,65,4
GER-Bundesliga,1516,Mainz 05,Mainz_05,53,1
GER-Bundesliga,1516,Schalke 04,Schalke_04,64,1
GER-Bundesliga,1516,Stuttgart,VfB_Stuttgart,64,5
GER-Bundesliga,1516,Werder Bremen,Werder_Bremen,76,2
GER-Bundesliga,1516,Wolfsburg,Wolfsburg,55,3
GER-Bundesliga,1617,Augsburg,Augsburg,67,3
GER-Bundesliga,1617,Bayern Munich,Bayern_Munich,47,0
GER-Bundesliga,1617,Darmstadt 98,Darmstadt,67,5
GER-Bundesliga,1617,Dortmund,Borussia_Dortmund,55,2
GER-Bundesliga,1617,Frankfurt,Eintracht_Frankfurt,84,6
GER-Bundesliga,1617,Freiburg,Freiburg,56,1
GER-Bundesliga,1617,Gladbach,Borussia_M.Gladbach,45,2
GER-Bundesliga,1617,Hamburger SV,Hamburger_SV,73,5
GER-Bundesliga,1617,Hertha BSC,Hertha_Berlin,63,3
GER-Bundesliga,1617,Hoffenheim,Hoffenheim,63,1
GER-Bundesliga,1617,Ingolstadt,Ingolstadt,69,6
GER-Bundesliga,1617,Köln,FC_Cologne,72,1
GER-Bundesliga,1617,Leverkusen,Bayer_Leverkusen,50,4
GER-Bundesliga,1617,Mainz 05,Mainz_05,67,7
GER-Bundesliga,1617,RB Leipzig,RasenBallsport_Leipzig,66,2
GER-Bundesliga,1617,Schalke 04,Schalke_04,69,3
GER-Bundesliga,1617,Werder Bremen,Werder_Bremen,67,2
GER-Bundesliga,1617,Wolfsburg,Wolfsburg,65,3
GER-Bundesliga,1718,Augsburg,Augsburg,66,2
GER-Bundesliga,1718,Bayern Munich,Bayern_Munich,42,0
GER-Bundesliga,1718,Dortmund,Borussia_Dortmund,39,3
GER-Bundesliga,1718,Frankfurt,Eintracht_Frankfurt,72,2
GER-Bundesliga,1718,Freiburg,Freiburg,50,5
GER-Bundesliga,1718,Gladbach,Borussia_M.Gladbach,47,0
GER-Bundesliga,1718,Hamburger SV,Hamburger_SV,57,4
GER-Bundesliga,1718,Hannover 96,Hannover_96,63,0
GER-Bundesliga,1718,Hertha BSC,Hertha_Berlin,48,3
GER-Bundesliga,1718,Hoffenheim,Hoffenheim,71,0
GER-Bundesliga,1718,Köln,FC_Cologne,68,1
GER-Bundesliga,1718,Leverkusen,Bayer_Leverkusen,56,4
GER-Bundesliga,1718,Mainz 05,Mainz_05,60,3
GER-Bundesliga,1718,RB Leipzig,RasenBallsport_Leipzig,42,6
GER-Bundesliga,1718,Schalke 04,Schalke_04,63,2
GER-Bundesliga,1718,Stuttgart,VfB_Stuttgart,55,2
GER-Bundesliga,1718,Werder Bremen,Werder_Bremen,54,0
GER-Bundesliga,1718,Wolfsburg,Wolfsburg,55,6
GER-Bundesliga,1819,Augsburg,Augsburg,55,1
GER-Bundesliga,1819,Bayern Munich,Bayern_Munich,39,2
GER-Bundesliga,1819,Dortmund,Borussia_Dortmund,39,3
GER-Bundesliga,1819,Düsseldorf,Fortuna_Duesseldorf,67,1
GER-Bundesliga,1819,Frankfurt,Eintracht_Frankfurt,56,3
GER-Bundesliga,1819,Freiburg,Freiburg,51,3
GER-Bundesliga,1819,Gladbach,Borussia_M.Gladbach,43,0
GER-Bundesliga,1819,Hannover 96,Hannover_96,58,4
GER-Bundesliga,1819,Hertha BSC,Hertha_Berlin,59,5
GER-Bundesliga,1819,Hoffenheim,Hoffenheim,65,2
GER-Bundesliga,1819,Leverkusen,Bayer_Leverkusen,50,1
GER-Bundesliga,1819,Mainz 05,Mainz_05,56,0
GER-Bundesliga,1819,Nürnberg,Nuernberg,56,4
GER-Bundesliga,1819,RB Leipzig,RasenBallsport_Leipzig,61,1
GER-Bundesliga,1819,Schalke 04,Schalke_04,71,5
GER-Bundesliga,1819,Stuttgart,VfB_Stuttgart,62,5
GER-Bundesliga,1819,Werder Bremen,Werder_Bremen,58,3
GER-Bundesliga,1819,Wolfsburg,Wolfsburg,61,0
GER-Bundesliga,1920,Augsburg,Augsburg,64,2
GER-Bundesliga,1920,Bayern Munich,Bayern_Munich,49,3
GER-Bundesliga,1920,Dortmund,Borussia_Dortmund,47,1
GER-Bundesliga,1920,Düsseldorf,Fortuna_Duesseldorf,78,0
GER-Bundesliga,1920,Frankfurt,Eintracht_Frankfurt,67,4
GER-Bundesliga,1920,Freiburg,Freiburg,41,2
GER-Bundesliga,1920,Gladbach,Borussia_M.Gladbach,71,3
GER-Bundesliga,1920,Hertha BSC,Hertha_Berlin,74,4
GER-Bundesliga,1920,Hoffenheim,Hoffenheim,64,2
GER-Bundesliga,1920,Köln,FC_Cologne,77,4
GER-Bundesliga,1920,Leverkusen,Bayer_Leverkusen,55,6
GER-Bundesliga,1920,Mainz 05,Mainz_05,71,3
GER-Bundesliga,1920,Paderborn 07,Paderborn,80,3
GER-Bundesliga,1920,RB Leipzig,RasenBallsport_Leipzig,47,3
GER-Bundesliga,1920,Schalke 04,Schalke_04,63,2
GER-Bundesliga,1920,Union Berlin,Union_Berlin,65,5
GER-Bundesliga,1920,Werder Bremen,Werder_Bremen,72,4
GER-Bundesliga,1920,Wolfsburg,Wolfsburg,67,4
GER-Bundesliga,2021,Arminia,Arminia_Bielefeld,51,1
GER-Bundesliga,2021,Augsburg,Augsburg,65,4
GER-Bundesliga,2021,Bayern Munich,Bayern_Munich,44,3
GER-Bundesliga,2021,Dortmund,Borussia_Dortmund,43,1
GER-Bundesliga,2021,Frankfurt,Eintracht_Frankfurt,80,1
GER-Bundesliga,2021,Freiburg,Freiburg,63,0
GER-Bundesliga,2021,Gladbach,Borussia_M.Gladbach,61,2
GER-Bundesliga,2021,Hertha BSC,Hertha_Berlin,63,3
GER-Bundesliga,2021,Hoffenheim,Hoffenheim,64,4
GER-Bundesliga,2021,Köln,FC_Cologne,62,1
GER-Bundesliga,2021,Leverkusen,Bayer_Leverkusen,58,0
GER-Bundesliga,2021,Mainz 05,Mainz_05,61,1
GER-Bundesliga,2021,RB Leipzig,RasenBallsport_Leipzig,57,0
GER-Bundesliga,2021,Schalke 04,Schalke_04,70,2
GER-Bundesliga,2021,Stuttgart,VfB_Stuttgart,63,2
GER-Bundesliga,2021,Union Berlin,Union_Berlin,55,2
GER-Bundesliga,2021,Werder Bremen,Werder_Bremen,63,3
GER-Bundesliga,2021,Wolfsburg,Wolfsburg,56,3
GER-Bundesliga,2122,Arminia,Arminia_Bielefeld,53,2
GER-Bundesliga,2122,Augsburg,Augsburg,74,0
GER-Bundesliga,2122,Bayern Munich,Bayern_Munich,36,2
GER-Bundesliga,2122,Bochum,Bochum,55,2
GER-Bundesliga,2122,Dortmund,Borussia_Dortmund,61,1
GER-Bundesliga,2122,Frankfurt,Eintracht_Frankfurt,59,1
GER-Bundesliga,2122,Freiburg,Freiburg,33,0
GER-Bundesliga,2122,Gladbach,Borussia_M.Gladbach,67,1
GER-Bundesliga,2122,Greuther Fürth,Greuther_Fuerth,61,0
GER-Bundesliga,2122,Hertha BSC,Hertha_Berlin,61,2
GER-Bundesliga,2122,Hoffenheim,Hoffenheim,75,0
GER-Bundesliga,2122,Köln,FC_Cologne,65,1
GER-Bundesliga,2122,Leverkusen,Bayer_Leverkusen,64,2
GER-Bundesliga,2122,Mainz 05,Mainz_05,58,4
GER-Bundesliga,2122,RB Leipzig,RasenBallsport_Leipzig,49,0
GER-Bundesliga,2122,Stuttgart,VfB_Stuttgart,62,2
GER-Bundesliga,2122,Union Berlin,Union_Berlin,60,1
GER-Bundesliga,2122,Wolfsburg,Wolfsburg,58,3
GER-Bundesliga,2223,Augsburg,Augsburg,92,5
GER-Bundesliga,2223,Bayern Munich,Bayern_Munich,43,3
GER-Bundesliga,2223,Bochum,Bochum,64,1
GER-Bundesliga,2223,Dortmund,Borussia_Dortmund,66,0
GER-Bundesliga,2223,Frankfurt,Eintracht_Frankfurt,70,1
GER-Bundesliga,2223,Freiburg,Freiburg,60,2
GER-Bundesliga,2223,Gladbach,Borussia_M.Gladbach,60,3
GER-Bundesliga,2223,Hertha BSC,Hertha_Berlin,80,1
GER-Bundesliga,2223,Hoffenheim,Hoffenheim,73,5
GER-Bundesliga,2223,Köln,FC_Cologne,68,3
GER-Bundesliga,2223,Leverkusen,Bayer_Leverkusen,69,7
GER-Bundesliga,2223,Mainz 05,Mainz_05,69,1
GER-Bundesliga,2223,RB Leipzig,RasenBallsport_Leipzig,66,2
GER-Bundesliga,2223,Schalke 04,Schalke_04,68,1
GER-Bundesliga,2223,Stuttgart,VfB_Stuttgart,63,5
GER-Bundesliga,2223,Union Berlin,Union_Berlin,63,2
GER-Bundesliga,2223,Werder Bremen,Werder_Bremen,76,1
GER-Bundesliga,2223,Wolfsburg,Wolfsburg,64,0
GER-Bundesliga,2324,Augsburg,Augsburg,69,3
GER-Bundesliga,2324,Bayern Munich,Bayern_Munich,45,2
GER-Bundesliga,2324,Bochum,Bochum,98,2
GER-Bundesliga,2324,Darmstadt 98,Darmstadt,81,4
GER-Bundesliga,2324,Dortmund,Borussia_Dortmund,55,4
GER-Bundesliga,2324,Frankfurt,Eintracht_Frankfurt,62,5
GER-Bundesliga,2324,Freiburg,Freiburg,62,4
GER-Bundesliga,2324,Gladbach,Borussia_M.Gladbach,63,2
GER-Bundesliga,2324,Heidenheim,FC_Heidenheim,54,1
GER-Bundesliga,2324,Hoffenheim,Hoffenheim,78,5
GER-Bundesliga,2324,Köln,FC_Cologne,64,4
GER-Bundesliga,2324,Leverkusen,Bayer_Leverkusen,59,0
GER-Bundesliga,2324,Mainz 05,Mainz_05,97,3
GER-Bundesliga,2324,RB Leipzig,RasenBallsport_Leipzig,59,1
GER-Bundesliga,2324,Stuttgart,VfB_Stuttgart,54,1
GER-Bundesliga,2324,Union Berlin,Union_Berlin,61,7
GER-Bundesliga,2324,Werder Bremen,Werder_Bremen,71,2
GER-Bundesliga,2324,Wolfsburg,Wolfsburg,82,5
GER-Bundesliga,2425,Augsburg,Augsburg,74,5
GER-Bundesliga,2425,Bayern Munich,Bayern_Munich,48,1
GER-Bundesliga,2425,Bochum,Bochum,67,2
GER-Bundesliga,2425,Dortmund,Borussia_Dortmund,65,6
GER-Bundesliga,2425,Frankfurt,Eintracht_Frankfurt,54,1
GER-Bundesliga,2425,Freiburg,Freiburg,52,2
GER-Bundesliga,2425,Gladbach,Borussia_M.Gladbach,49,3
GER-Bundesliga,2425,Heidenheim,FC_Heidenheim,65,1
GER-Bundesliga,2425,Hoffenheim,Hoffenheim,66,2
GER-Bundesliga,2425,Holstein Kiel,Holstein_Kiel,71,4
GER-Bundesliga,2425,Leverkusen,Bayer_Leverkusen,60,1
GER-Bundesliga,2425,Mainz 05,Mainz_05,65,5
GER-Bundesliga,2425,RB Leipzig,RasenBallsport_Leipzig,64,5
GER-Bundesliga,2425,St Pauli,St._Pauli,47,4
GER-Bundesliga,2425,Stuttgart,VfB_Stuttgart,66,5
GER-Bundesliga,2425,Union Berlin,Union_Berlin,71,1
GER-Bundesliga,2425,Werder Bremen,Werder_Bremen,69,4
GER-Bundesliga,2425,Wolfsburg,Wolfsburg,75,3
GER-Bundesliga,2526,Augsburg,Augsburg,77,1
GER-Bundesliga,2526,Bayern Munich,Bayern_Munich,55,2
GER-Bundesliga,2526,Dortmund,Borussia_Dortmund,63,2
GER-Bundesliga,2526,Frankfurt,Eintracht_Frankfurt,54,4
GER-Bundesliga,2526,Freiburg,Freiburg,48,3
GER-Bundesliga,2526,Gladbach,Borussia_M.Gladbach,60,3
GER-Bundesliga,2526,Hamburger SV,Hamburger_SV,67,8
GER-Bundesliga,2526,Heidenheim,FC_Heidenheim,48,1
GER-Bundesliga,2526,Hoffenheim,Hoffenheim,70,3
GER-Bundesliga,2526,Köln,FC_Cologne,61,3
GER-Bundesliga,2526,Leverkusen,Bayer_Leverkusen,65,2
GER-Bundesliga,2526,Mainz 05,Mainz_05,67,5
GER-Bundesliga,2526,RB Leipzig,RasenBallsport_Leipzig,52,0
GER-Bundesliga,2526,St Pauli,St._Pauli,51,2
GER-Bundesliga,2526,Stuttgart,VfB_Stuttgart,63,2
GER-Bundesliga,2526,Union Berlin,Union_Berlin,71,3
GER-Bundesliga,2526,Werder Bremen,Werder_Bremen,71,5
GER-Bundesliga,2526,Wolfsburg,Wolfsburg,63,2
ITA-Serie A,1415,Atalanta,Atalanta,103,9
ITA-Serie A,1415,Cagliari,Cagliari,109,6
ITA-Serie A,1415,Cesena,Cesena,102,4
ITA-Serie A,1415,Chievo,Chievo,82,3
ITA-Serie A,1415,Empoli,Empoli,58,4
ITA-Serie A,1415,Fiorentina,Fiorentina,82,3
ITA-Serie A,1415,Genoa,Genoa,103,6
ITA-Serie A,1415,Hellas Verona,Verona,97,7
ITA-Serie A,1415,Inter,Inter,95,5
ITA-Serie A,1415,Juventus,Juventus,73,4
ITA-Serie A,1415,Lazio,Lazio,104,9
ITA-Serie A,1415,Milan,AC_Milan,81,12
ITA-Serie A,1415,Napoli,Napoli,78,6
ITA-Serie A,1415,Palermo,Palermo,84,3
ITA-Serie A,1415,Parma,Parma,100,7
ITA-Serie A,1415,Roma,Roma,103,5
ITA-Serie A,1415,Sampdoria,Sampdoria,97,3
ITA-Serie A,1415,Sassuolo,Sassuolo,101,9
ITA-Serie A,1415,Torino,Torino,97,5
ITA-Serie A,1415,Udinese,Udinese,91,6
ITA-Serie A,1516,Atalanta,Atalanta,96,13
ITA-Serie A,1516,Bologna,Bologna,88,7
ITA-Serie A,1516,Carpi,Carpi,105,6
ITA-Serie A,1516,Chievo,Chievo,103,4
ITA-Serie A,1516,Empoli,Empoli,92,6
ITA-Serie A,1516,Fiorentina,Fiorentina,93,3
ITA-Serie A,1516,Frosinone,Frosinone,108,5
ITA-Serie A,1516,Genoa,Genoa,81,9
ITA-Serie A,1516,Hellas Verona,Verona,89,7
ITA-Serie A,1516,Inter,Inter,89,12
ITA-Serie A,1516,Juventus,Juventus,90,5
ITA-Serie A,1516,Lazio,Lazio,95,10
ITA-Serie A,1516,Milan,AC_Milan,92,3
ITA-Serie A,1516,Napoli,Napoli,69,2
ITA-Serie A,1516,Palermo,Palermo,95,6
ITA-Serie A,1516,Roma,Roma,79,5
ITA-Serie A,1516,Sampdoria,Sampdoria,102,7
ITA-Serie A,1516,Sassuolo,Sassuolo,90,6
ITA-Serie A,1516,Torino,Torino,95,3
ITA-Serie A,1516,Udinese,Udinese,97,7
ITA-Serie A,1617,Atalanta,Atalanta,85,3
ITA-Serie A,1617,Bologna,Bologna,84,11
ITA-Serie A,1617,Cagliari,Cagliari,96,7
ITA-Serie A,1617,Chievo,Chievo,82,4
ITA-Serie A,1617,Crotone,Crotone,87,4
ITA-Serie A,1617,Empoli,Empoli,106,2
ITA-Serie A,1617,Fiorentina,Fiorentina,91,6
ITA-Serie A,1617,Genoa,Genoa,90,8
ITA-Serie A,1617,Inter,Inter,74,5
ITA-Serie A,1617,Juventus,Juventus,70,0
ITA-Serie A,1617,Lazio,Lazio,90,3
ITA-Serie A,1617,Milan,AC_Milan,81,12
ITA-Serie A,1617,Napoli,Napoli,58,2
ITA-Serie A,1617,Palermo,Palermo,94,9
ITA-Serie A,1617,Pescara,Pescara,92,4
ITA-Serie A,1617,Roma,Roma,63,1
ITA-Serie A,1617,Sampdoria,Sampdoria,73,5
ITA-Serie A,1617,Sassuolo,Sassuolo,90,2
ITA-Serie A,1617,Torino,Torino,80,4
ITA-Serie A,1617,Udinese,Udinese,85,2
ITA-Serie A,1718,Atalanta,Atalanta,60,4
ITA-Serie A,1718,Benevento,Benevento,70,7
ITA-Serie A,1718,Bologna,Bologna,94,6
ITA-Serie A,1718,Cagliari,Cagliari,88,6
ITA-Serie A,1718,Chievo,Chievo,73,4
ITA-Serie A,1718,Crotone,Crotone,63,2
ITA-Serie A,1718,Fiorentina,Fiorentina,83,5
ITA-Serie A,1718,Genoa,Genoa,77,4
ITA-Serie A,1718,Hellas Verona,Verona,90,6
ITA-Serie A,1718,Inter,Inter,68,1
ITA-Serie A,1718,Juventus,Juventus,64,1
ITA-Serie A,1718,Lazio,Lazio,73,6
ITA-Serie A,1718,Milan,AC_Milan,66,7
ITA-Serie A,1718,Napoli,Napoli,55,3
ITA-Serie A,1718,Roma,Roma,46,4
ITA-Serie A,1718,SPAL,SPAL_2013,97,4
ITA-Serie A,1718,Sampdoria,Sampdoria,65,3
ITA-Serie A,1718,Sassuolo,Sassuolo,81,7
ITA-Serie A,1718,Torino,Torino,70,5
ITA-Serie A,1718,Udinese,Udinese,72,4
ITA-Serie A,1819,Atalanta,Atalanta,61,3
ITA-Serie A,1819,Bologna,Bologna,87,6
ITA-Serie A,1819,Cagliari,Cagliari,90,9
ITA-Serie A,1819,Chievo,Chievo,103,7
ITA-Serie A,1819,Empoli,Empoli,71,2
ITA-Serie A,1819,Fiorentina,Fiorentina,87,5
ITA-Serie A,1819,Frosinone,Frosinone,100,2
ITA-Serie A,1819,Genoa,Genoa,92,7
ITA-Serie A,1819,Inter,Inter,71,3
ITA-Serie A,1819,Juventus,Juventus,74,4
ITA-Serie A,1819,Lazio,Lazio,88,4
ITA-Serie A,1819,Milan,AC_Milan,78,5
ITA-Serie A,1819,Napoli,Napoli,69,5
ITA-Serie A,1819,Parma,Parma,100,7
ITA-Serie A,1819,Roma,Roma,86,2
ITA-Serie A,1819,SPAL,SPAL_2013,111,3
ITA-Serie A,1819,Sampdoria,Sampdoria,87,3
ITA-Serie A,1819,Sassuolo,Sassuolo,84,8
ITA-Serie A,1819,Torino,Torino,87,4
ITA-Serie A,1819,Udinese,Udinese,88,4
ITA-Serie A,1920,Atalanta,Atalanta,78,2
ITA-Serie A,1920,Bologna,Bologna,103,7
ITA-Serie A,1920,Brescia,Brescia,89,6
ITA-Serie A,1920,Cagliari,Cagliari,102,6
ITA-Serie A,1920,Fiorentina,Fiorentina,99,5
ITA-Serie A,1920,Genoa,Genoa,97,7
ITA-Serie A,1920,Hellas Verona,Verona,82,7
ITA-Serie A,1920,Inter,Inter,97,4
ITA-Serie A,1920,Juventus,Juventus,82,3
ITA-Serie A,1920,Lazio,Lazio,97,2
ITA-Serie A,1920,Lecce,Lecce,94,5
ITA-Serie A,1920,Milan,AC_Milan,92,4
ITA-Serie A,1920,Napoli,Napoli,73,1
ITA-Serie A,1920,Parma,Parma,100,7
ITA-Serie A,1920,Roma,Roma,102,7
ITA-Serie A,1920,SPAL,SPAL_2013,95,3
ITA-Serie A,1920,Sampdoria,Sampdoria,101,7
ITA-Serie A,1920,Sassuolo,Sassuolo,96,3
ITA-Serie A,1920,Torino,Torino,86,7
ITA-Serie A,1920,Udinese,Udinese,73,3
ITA-Serie A,2021,Atalanta,Atalanta,66,3
ITA-Serie A,2021,Benevento,Benevento,87,5
ITA-Serie A,2021,Bologna,Bologna,77,4
ITA-Serie A,2021,Cagliari,Cagliari,73,3
ITA-Serie A,2021,Crotone,Crotone,85,4
ITA-Serie A,2021,Fiorentina,Fiorentina,86,4
ITA-Serie A,2021,Genoa,Genoa,85,2
ITA-Serie A,2021,Hellas Verona,Verona,91,1
ITA-Serie A,2021,Inter,Inter,59,2
ITA-Serie A,2021,Juventus,Juventus,75,5
ITA-Serie A,2021,Lazio,Lazio,99,5
ITA-Serie A,2021,Milan,AC_Milan,81,4
ITA-Serie A,2021,Napoli,Napoli,70,3
ITA-Serie A,2021,Parma,Parma,100,7
ITA-Serie A,2021,Roma,Roma,85,3
ITA-Serie A,2021,Sampdoria,Sampdoria,81,3
ITA-Serie A,2021,Sassuolo,Sassuolo,73,4
ITA-Serie A,2021,Spezia,Spezia,91,5
ITA-Serie A,2021,Torino,Torino,72,3
ITA-Serie A,2021,Udinese,Udinese,63,2
ITA-Serie A,2122,Atalanta,Atalanta,82,2
ITA-Serie A,2122,Bologna,Bologna,85,7
ITA-Serie A,2122,Cagliari,Cagliari,90,4
ITA-Serie A,2122,Empoli,Empoli,81,5
ITA-Serie A,2122,Fiorentina,Fiorentina,78,8
ITA-Serie A,2122,Genoa,Genoa,88,3
ITA-Serie A,2122,Hellas Verona,Verona,91,7
ITA-Serie A,2122,Inter,Inter,71,0
ITA-Serie A,2122,Juventus,Juventus,75,1
ITA-Serie A,2122,Lazio,Lazio,81,5
ITA-Serie A,2122,Milan,AC_Milan,73,3
ITA-Serie A,2122,Napoli,Napoli,63,2
ITA-Serie A,2122,Roma,Roma,98,7
ITA-Serie A,2122,Salernitana,Salernitana,88,4
ITA-Serie A,2122,Sampdoria,Sampdoria,92,4
ITA-Serie A,2122,Sassuolo,Sassuolo,88,3
ITA-Serie A,2122,Spezia,Spezia,86,4
ITA-Serie A,2122,Torino,Torino,85,3
ITA-Serie A,2122,Udinese,Udinese,90,6
ITA-Serie A,2122,Venezia,Venezia,106,9
ITA-Serie A,2223,Atalanta,Atalanta,80,3
ITA-Serie A,2223,Bologna,Bologna,81,3
ITA-Serie A,2223,Cremonese,Cremonese,80,3
ITA-Serie A,2223,Empoli,Empoli,82,6
ITA-Serie A,2223,Fiorentina,Fiorentina,89,2
ITA-Serie A,2223,Hellas Verona,Verona,103,3
ITA-Serie A,2223,Inter,Inter,62,3
ITA-Serie A,2223,Juventus,Juventus,72,5
ITA-Serie A,2223,Lazio,Lazio,84,1
ITA-Serie A,2223,Lecce,Lecce,85,2
ITA-Serie A,2223,Milan,AC_Milan,86,2
ITA-Serie A,2223,Monza,Monza,88,3
ITA-Serie A,2223,Napoli,Napoli,47,1
ITA-Serie A,2223,Roma,Roma,77,3
ITA-Serie A,2223,Salernitana,Salernitana,82,4
ITA-Serie A,2223,Sampdoria,Sampdoria,104,3
ITA-Serie A,2223,Sassuolo,Sassuolo,85,6
ITA-Serie A,2223,Spezia,Spezia,95,5
ITA-Serie A,2223,Torino,Torino,81,0
ITA-Serie A,2223,Udinese,Udinese,85,2
ITA-Serie A,2324,Atalanta,Atalanta,74,1
ITA-Serie A,2324,Bologna,Bologna,82,2
ITA-Serie A,2324,Cagliari,Cagliari,74,4
ITA-Serie A,2324,Empoli,Empoli,87,1
ITA-Serie A,2324,Fiorentina,Fiorentina,80,0
ITA-Serie A,2324,Frosinone,Frosinone,66,1
ITA-Serie A,2324,Genoa,Genoa,73,3
ITA-Serie A,2324,Hellas Verona,Verona,84,6
ITA-Serie A,2324,Inter,Inter,46,1
ITA-Serie A,2324,Juventus,Juventus,85,2
ITA-Serie A,2324,Lazio,Lazio,97,5
ITA-Serie A,2324,Lecce,Lecce,84,5
ITA-Serie A,2324,Milan,AC_Milan,78,8
ITA-Serie A,2324,Monza,Monza,79,4
ITA-Serie A,2324,Napoli,Napoli,70,5
ITA-Serie A,2324,Roma,Roma,93,3
ITA-Serie A,2324,Salernitana,Salernitana,89,1
ITA-Serie A,2324,Sassuolo,Sassuolo,67,4
ITA-Serie A,2324,Torino,Torino,73,2
ITA-Serie A,2324,Udinese,Udinese,88,5
ITA-Serie A,2425,Atalanta,Atalanta,65,1
ITA-Serie A,2425,Bologna,Bologna,59,4
ITA-Serie A,2425,Cagliari,Cagliari,62,3
ITA-Serie A,2425,Como,Como,81,7
ITA-Serie A,2425,Empoli,Empoli,65,5
ITA-Serie A,2425,Fiorentina,Fiorentina,78,2
ITA-Serie A,2425,Genoa,Genoa,71,1
ITA-Serie A,2425,Hellas Verona,Verona,86,9
ITA-Serie A,2425,Inter,Inter,54,1
ITA-Serie A,2425,Juventus,Juventus,65,3
ITA-Serie A,2425,Lazio,Lazio,87,7
ITA-Serie A,2425,Lecce,Lecce,57,6
ITA-Serie A,2425,Milan,AC_Milan,68,6
ITA-Serie A,2425,Monza,Monza,86,3
ITA-Serie A,2425,Napoli,Napoli,45,0
ITA-Serie A,2425,Parma,Parma,100,7
ITA-Serie A,2425,Roma,Roma,64,1
ITA-Serie A,2425,Torino,Torino,78,3
ITA-Serie A,2425,Udinese,Udinese,82,5
ITA-Serie A,2425,Venezia,Venezia,71,2
ITA-Serie A,2526,Atalanta,Atalanta,58,2
ITA-Serie A,2526,Bologna,Bologna,63,6
ITA-Serie A,2526,Cagliari,Cagliari,77,2
ITA-Serie A,2526,Como,Como,78,3
ITA-Serie A,2526,Cremonese,Cremonese,72,4
ITA-Serie A,2526,Fiorentina,Fiorentina,81,3
ITA-Serie A,2526,Genoa,Genoa,60,3
ITA-Serie A,2526,Hellas Verona,Verona,83,5
ITA-Serie A,2526,Inter,Inter,63,0
ITA-Serie A,2526,Juventus,Juventus,50,2
ITA-Serie A,2526,Lazio,Lazio,75,8
ITA-Serie A,2526,Lecce,Lecce,69,2
ITA-Serie A,2526,Milan,AC_Milan,59,3
ITA-Serie A,2526,Napoli,Napoli,47,2
ITA-Serie A,2526,Parma,Parma,100,7
ITA-Serie A,2526,Pisa,Pisa,76,5
ITA-Serie A,2526,Roma,Roma,67,3
ITA-Serie A,2526,Sassuolo,Sassuolo,80,4
ITA-Serie A,2526,Torino,Torino,70,1
ITA-Serie A,2526,Udinese,Udinese,72,2
FRA-Ligue 1,1415,Bastia,SC_Bastia,75,5
FRA-Ligue 1,1415,Bordeaux,Bordeaux,62,5
FRA-Ligue 1,1415,Caen,Caen,43,6
FRA-Ligue 1,1415,Evian,Evian_Thonon_Gaillard,69,4
FRA-Ligue 1,1415,Guingamp,Guingamp,59,7
FRA-Ligue 1,1415,Lens,Lens,69,5
FRA-Ligue 1,1415,Lille,Lille,63,4
FRA-Ligue 1,1415,Lorient,Lorient,54,2
FRA-Ligue 1,1415,Lyon,Lyon,62,1
FRA-Ligue 1,1415,Marseille,Marseille,58,4
FRA-Ligue 1,1415,Metz,Metz,72,3
FRA-Ligue 1,1415,Monaco,Monaco,58,5
FRA-Ligue 1,1415,Montpellier,Montpellier,51,1
FRA-Ligue 1,1415,Nantes,Nantes,71,3
FRA-Ligue 1,1415,Nice,Nice,85,6
FRA-Ligue 1,1415,PSG,Paris_Saint_Germain,61,3
FRA-Ligue 1,1415,Reims,Reims,76,4
FRA-Ligue 1,1415,Rennes,Rennes,56,1
FRA-Ligue 1,1415,Saint-Étienne,Saint-Étienne,66,2
FRA-Ligue 1,1415,Toulouse,Toulouse,61,4
FRA-Ligue 1,1516,Angers,Angers,70,6
FRA-Ligue 1,1516,Bastia,SC_Bastia,84,10
FRA-Ligue 1,1516,Bordeaux,Bordeaux,81,7
FRA-Ligue 1,1516,Caen,Caen,52,6
FRA-Ligue 1,1516,Gazélec Ajaccio,GFC_Ajaccio,90,6
FRA-Ligue 1,1516,Guingamp,Guingamp,77,6
FRA-Ligue 1,1516,Lille,Lille,81,6
FRA-Ligue 1,1516,Lorient,Lorient,64,6
FRA-Ligue 1,1516,Lyon,Lyon,67,3
FRA-Ligue 1,1516,Marseille,Marseille,73,8
FRA-Ligue 1,1516,Monaco,Monaco,83,4
FRA-Ligue 1,1516,Montpellier,Montpellier,64,2
FRA-Ligue 1,1516,Nantes,Nantes,80,5
FRA-Ligue 1,1516,Nice,Nice,66,6
FRA-Ligue 1,1516,PSG,Paris_Saint_Germain,46,1
FRA-Ligue 1,1516,Reims,Reims,81,6
FRA-Ligue 1,1516,Rennes,Rennes,67,3
FRA-Ligue 1,1516,Saint-Étienne,Saint-Étienne,72,5
FRA-Ligue 1,1516,Toulouse,Toulouse,72,10
FRA-Ligue 1,1516,Troyes,Troyes,71,9
FRA-Ligue 1,1617,Angers,Angers,58,5
FRA-Ligue 1,1617,Bastia,SC_Bastia,69,14
FRA-Ligue 1,1617,Bordeaux,Bordeaux,65,5
FRA-Ligue 1,1617,Caen,Caen,58,2
FRA-Ligue 1,1617,Dijon,Dijon,67,6
FRA-Ligue 1,1617,Guingamp,Guingamp,57,4
FRA-Ligue 1,1617,Lille,Lille,58,6
FRA-Ligue 1,1617,Lorient,Lorient,68,5
FRA-Ligue 1,1617,Lyon,Lyon,61,5
FRA-Ligue 1,1617,Marseille,Marseille,69,1
FRA-Ligue 1,1617,Metz,Metz,71,7
FRA-Ligue 1,1617,Monaco,Monaco,51,3
FRA-Ligue 1,1617,Montpellier,Montpellier,44,5
FRA-Ligue 1,1617,Nancy,Nancy,76,5
FRA-Ligue 1,1617,Nantes,Nantes,77,3
FRA-Ligue 1,1617,Nice,Nice,58,4
FRA-Ligue 1,1617,PSG,Paris_Saint_Germain,52,3
FRA-Ligue 1,1617,Rennes,Rennes,57,4
FRA-Ligue 1,1617,Saint-Étienne,Saint-Étienne,54,6
FRA-Ligue 1,1617,Toulouse,Toulouse,88,4
FRA-Ligue 1,1718,Amiens,Amiens,70,5
FRA-Ligue 1,1718,Angers,Angers,67,3
FRA-Ligue 1,1718,Bordeaux,Bordeaux,72,2
FRA-Ligue 1,1718,Caen,Caen,67,4
FRA-Ligue 1,1718,Dijon,Dijon,69,5
FRA-Ligue 1,1718,Guingamp,Guingamp,61,2
FRA-Ligue 1,1718,Lille,Lille,57,6
FRA-Ligue 1,1718,Lyon,Lyon,70,2
FRA-Ligue 1,1718,Marseille,Marseille,81,3
FRA-Ligue 1,1718,Metz,Metz,76,7
FRA-Ligue 1,1718,Monaco,Monaco,69,4
FRA-Ligue 1,1718,Montpellier,Montpellier,72,1
FRA-Ligue 1,1718,Nantes,Nantes,58,6
FRA-Ligue 1,1718,Nice,Nice,81,4
FRA-Ligue 1,1718,PSG,Paris_Saint_Germain,61,6
FRA-Ligue 1,1718,Rennes,Rennes,59,5
FRA-Ligue 1,1718,Saint-Étienne,Saint-Étienne,70,8
FRA-Ligue 1,1718,Strasbourg,Strasbourg,71,4
FRA-Ligue 1,1718,Toulouse,Toulouse,91,3
FRA-Ligue 1,1718,Troyes,Troyes,74,7
FRA-Ligue 1,1819,Amiens,Amiens,56,6
FRA-Ligue 1,1819,Angers,Angers,49,4
FRA-Ligue 1,1819,Bordeaux,Bordeaux,75,5
FRA-Ligue 1,1819,Caen,Caen,75,6
FRA-Ligue 1,1819,Dijon,Dijon,70,7
FRA-Ligue 1,1819,Guingamp,Guingamp,58,5
FRA-Ligue 1,1819,Lille,Lille,70,4
FRA-Ligue 1,1819,Lyon,Lyon,53,3
FRA-Ligue 1,1819,Marseille,Marseille,82,8
FRA-Ligue 1,1819,Monaco,Monaco,89,7
FRA-Ligue 1,1819,Montpellier,Montpellier,59,4
FRA-Ligue 1,1819,Nantes,Nantes,68,6
FRA-Ligue 1,1819,Nice,Nice,71,5
FRA-Ligue 1,1819,Nîmes,Nîmes,67,5
FRA-Ligue 1,1819,PSG,Paris_Saint_Germain,64,4
FRA-Ligue 1,1819,Reims,Reims,67,2
FRA-Ligue 1,1819,Rennes,Rennes,66,3
FRA-Ligue 1,1819,Saint-Étienne,Saint-Étienne,59,7
FRA-Ligue 1,1819,Strasbourg,Strasbourg,68,4
FRA-Ligue 1,1819,Toulouse,Toulouse,73,5
FRA-Ligue 1,1920,Amiens,Amiens,55,4
FRA-Ligue 1,1920,Angers,Angers,41,2
FRA-Ligue 1,1920,Bordeaux,Bordeaux,54,0
FRA-Ligue 1,1920,Brest,Brest,44,3
FRA-Ligue 1,1920,Dijon,Dijon,42,2
FRA-Ligue 1,1920,Lille,Lille,48,3
FRA-Ligue 1,1920,Lyon,Lyon,48,4
FRA-Ligue 1,1920,Marseille,Marseille,67,3
FRA-Ligue 1,1920,Metz,Metz,46,4
FRA-Ligue 1,1920,Monaco,Monaco,54,9
FRA-Ligue 1,1920,Montpellier,Montpellier,53,5
FRA-Ligue 1,1920,Nantes,Nantes,50,2
FRA-Ligue 1,1920,Nice,Nice,50,7
FRA-Ligue 1,1920,Nîmes,Nîmes,38,6
FRA-Ligue 1,1920,PSG,Paris_Saint_Germain,49,1
FRA-Ligue 1,1920,Reims,Reims,46,5
FRA-Ligue 1,1920,Rennes,Rennes,49,1
FRA-Ligue 1,1920,Saint-Étienne,Saint-Étienne,57,3
FRA-Ligue 1,1920,Strasbourg,Strasbourg,45,1
FRA-Ligue 1,1920,Toulouse,Toulouse,47,5
FRA-Ligue 1,2021,Angers,Angers,63,2
FRA-Ligue 1,2021,Bordeaux,Bordeaux,74,4
FRA-Ligue 1,2021,Brest,Brest,59,4
FRA-Ligue 1,2021,Dijon,Dijon,74,5
FRA-Ligue 1,2021,Lens,Lens,84,7
FRA-Ligue 1,2021,Lille,Lille,66,2
FRA-Ligue 1,2021,Lorient,Lorient,66,3
FRA-Ligue 1,2021,Lyon,Lyon,60,9
FRA-Ligue 1,2021,Marseille,Marseille,93,9
FRA-Ligue 1,2021,Metz,Metz,81,4
FRA-Ligue 1,2021,Monaco,Monaco,73,7
FRA-Ligue 1,2021,Montpellier,Montpellier,65,7
FRA-Ligue 1,2021,Nantes,Nantes,66,4
FRA-Ligue 1,2021,Nice,Nice,69,4
FRA-Ligue 1,2021,Nîmes,Nîmes,56,5
FRA-Ligue 1,2021,PSG,Paris_Saint_Germain,73,7
FRA-Ligue 1,2021,Reims,Reims,75,8
FRA-Ligue 1,2021,Rennes,Rennes,78,5
FRA-Ligue 1,2021,Saint-Étienne,Saint-Étienne,76,2
FRA-Ligue 1,2021,Strasbourg,Strasbourg,56,3
FRA-Ligue 1,2122,Angers,Angers,65,4
FRA-Ligue 1,2122,Bordeaux,Bordeaux,86,5
FRA-Ligue 1,2122,Brest,Brest,58,2
FRA-Ligue 1,2122,Clermont Foot,Clermont_Foot,58,8
FRA-Ligue 1,2122,Lens,Lens,71,6
FRA-Ligue 1,2122,Lille,Lille,92,6
FRA-Ligue 1,2122,Lorient,Lorient,63,4
FRA-Ligue 1,2122,Lyon,Lyon,61,6
FRA-Ligue 1,2122,Marseille,Marseille,59,3
FRA-Ligue 1,2122,Metz,Metz,90,9
FRA-Ligue 1,2122,Monaco,Monaco,78,4
FRA-Ligue 1,2122,Montpellier,Montpellier,69,9
FRA-Ligue 1,2122,Nantes,Nantes,76,4
FRA-Ligue 1,2122,Nice,Nice,72,6
FRA-Ligue 1,2122,PSG,Paris_Saint_Germain,79,4
FRA-Ligue 1,2122,Reims,Reims,59,7
FRA-Ligue 1,2122,Rennes,Rennes,54,2
FRA-Ligue 1,2122,Saint-Étienne,Saint-Étienne,78,5
FRA-Ligue 1,2122,Strasbourg,Strasbourg,70,3
FRA-Ligue 1,2122,Troyes,Troyes,69,5
FRA-Ligue 1,2223,Ajaccio,Ajaccio,80,10
FRA-Ligue 1,2223,Angers,Angers,62,5
FRA-Ligue 1,2223,Auxerre,Auxerre,46,6
FRA-Ligue 1,2223,Brest,Brest,62,2
FRA-Ligue 1,2223,Clermont Foot,Clermont_Foot,68,5
FRA-Ligue 1,2223,Lens,Lens,63,3
FRA-Ligue 1,2223,Lille,Lille,81,1
FRA-Ligue 1,2223,Lorient,Lorient,41,4
FRA-Ligue 1,2223,Lyon,Lyon,59,3
FRA-Ligue 1,2223,Marseille,Marseille,61,4
FRA-Ligue 1,2223,Monaco,Monaco,58,5
FRA-Ligue 1,2223,Montpellier,Montpellier,66,10
FRA-Ligue 1,2223,Nantes,Nantes,60,3
FRA-Ligue 1,2223,Nice,Nice,51,2
FRA-Ligue 1,2223,PSG,Paris_Saint_Germain,53,5
FRA-Ligue 1,2223,Reims,Reims,67,9
FRA-Ligue 1,2223,Rennes,Rennes,55,5
FRA-Ligue 1,2223,Strasbourg,Strasbourg,69,7
FRA-Ligue 1,2223,Toulouse,Toulouse,55,3
FRA-Ligue 1,2223,Troyes,Troyes,53,5
FRA-Ligue 1,2324,Brest,Brest,80,5
FRA-Ligue 1,2324,Clermont Foot,Clermont_Foot,59,7
FRA-Ligue 1,2324,Le Havre,Le_Havre,61,6
FRA-Ligue 1,2324,Lens,Lens,76,4
FRA-Ligue 1,2324,Lille,Lille,65,3
FRA-Ligue 1,2324,Lorient,Lorient,66,1
FRA-Ligue 1,2324,Lyon,Lyon,55,6
FRA-Ligue 1,2324,Marseille,Marseille,57,5
FRA-Ligue 1,2324,Metz,Metz,54,3
FRA-Ligue 1,2324,Monaco,Monaco,71,8
FRA-Ligue 1,2324,Montpellier,Montpellier,65,5
FRA-Ligue 1,2324,Nantes,Nantes,66,3
FRA-Ligue 1,2324,Nice,Nice,62,4
FRA-Ligue 1,2324,PSG,Paris_Saint_Germain,49,3
FRA-Ligue 1,2324,Reims,Reims,65,3
FRA-Ligue 1,2324,Rennes,Rennes,66,4
FRA-Ligue 1,2324,Strasbourg,Strasbourg,57,2
FRA-Ligue 1,2324,Toulouse,Toulouse,74,1
FRA-Ligue 1,2425,Angers,Angers,49,2
FRA-Ligue 1,2425,Auxerre,Auxerre,66,4
FRA-Ligue 1,2425,Brest,Brest,67,3
FRA-Ligue 1,2425,Le Havre,Le_Havre,54,4
FRA-Ligue 1,2425,Lens,Lens,80,8
FRA-Ligue 1,2425,Lille,Lille,74,2
FRA-Ligue 1,2425,Lyon,Lyon,60,0
FRA-Ligue 1,2425,Marseille,Marseille,55,6
FRA-Ligue 1,2425,Monaco,Monaco,56,4
FRA-Ligue 1,2425,Montpellier,Montpellier,83,7
FRA-Ligue 1,2425,Nantes,Nantes,70,4
FRA-Ligue 1,2425,Nice,Nice,55,5
FRA-Ligue 1,2425,PSG,Paris_Saint_Germain,37,0
FRA-Ligue 1,2425,Reims,Reims,62,6
FRA-Ligue 1,2425,Rennes,Rennes,67,2
FRA-Ligue 1,2425,Saint-Étienne,Saint-Étienne,63,3
FRA-Ligue 1,2425,Strasbourg,Strasbourg,69,3
FRA-Ligue 1,2425,Toulouse,Toulouse,54,3
FRA-Ligue 1,2526,Angers,Angers,49,2
FRA-Ligue 1,2526,Auxerre,Auxerre,64,7
FRA-Ligue 1,2526,Brest,Brest,58,4
FRA-Ligue 1,2526,Le Havre,Le_Havre,64,4
FRA-Ligue 1,2526,Lens,Lens,62,4
FRA-Ligue 1,2526,Lille,Lille,78,5
FRA-Ligue 1,2526,Lorient,Lorient,55,1
FRA-Ligue 1,2526,Lyon,Lyon,56,7
FRA-Ligue 1,2526,Marseille,Marseille,76,4
FRA-Ligue 1,2526,Metz,Metz,52,4
FRA-Ligue 1,2526,Monaco,Monaco,68,6
FRA-Ligue 1,2526,Nantes,Nantes,64,3
FRA-Ligue 1,2526,Nice,Nice,65,3
FRA-Ligue 1,2526,PSG,Paris_Saint_Germain,33,2
FRA-Ligue 1,2526,Paris FC,Paris_FC,64,5
FRA-Ligue 1,2526,Rennes,Rennes,55,4
FRA-Ligue 1,2526,Strasbourg,Strasbourg,58,5
FRA-Ligue 1,2526,Toulouse,Toulouse,75,5
