competicio,temporada,equip_local,equip_visitant,gols_local,gols_visitant,guanyador,possessio_local,possessio_visitant
UEFA Europa League,1617,Ajax,Manchester Utd,0,2,Manchester Utd,69.0,31.0
UEFA Europa League,2324,Atalanta,Leverkusen,3,0,Atalanta,33.0,67.0
UEFA Europa League,1819,Chelsea,Arsenal,4,1,Chelsea,50.0,50.0
UEFA Conference League,2526,Crystal Palace,Rayo Vallecano,1,0,Crystal Palace,42.0,58.0
UEFA Champions League,2324,Dortmund,Real Madrid,0,2,Real Madrid,43.0,57.0
UEFA Europa League,2122,Frankfurt,Rangers,1,1,Frankfurt,48.0,52.0
UEFA Europa Conference League,2223,Fiorentina,West Ham,1,2,West Ham,68.0,32.0
UEFA Europa League,2526,Freiburg,Aston Villa,0,3,Aston Villa,51.0,49.0
UEFA Champions League,1415,Juventus,Barcelona,1,3,Barcelona,39.0,61.0
UEFA Champions League,1617,Juventus,Real Madrid,1,4,Real Madrid,44.0,56.0
UEFA Champions League,2122,Liverpool,Real Madrid,0,1,Real Madrid,54.0,46.0
UEFA Europa League,1516,Liverpool,Sevilla,1,3,Sevilla,54.0,46.0
UEFA Champions League,2021,Manchester City,Chelsea,0,1,Chelsea,60.0,40.0
UEFA Champions League,2223,Manchester City,Internazionale,1,0,Manchester City,56.0,44.0
UEFA Europa League,1718,Marseille,Atlético Madrid,0,3,Atlético Madrid,57.0,43.0
UEFA Europa Conference League,2324,Olympiacos,Fiorentina,1,0,Olympiacos,46.0,54.0
UEFA Champions League,2526,PSG,Arsenal,1,1,PSG,75.0,25.0
UEFA Champions League,1920,PSG,Bayern Munich,0,1,Bayern Munich,38.0,62.0
UEFA Champions League,2425,PSG,Internazionale,5,0,PSG,59.0,41.0
UEFA Conference League,2425,Real Betis,Chelsea,1,4,Chelsea,34.0,66.0
UEFA Champions League,1516,Real Madrid,Atlético Madrid,1,1,Real Madrid,48.0,52.0
UEFA Champions League,1718,Real Madrid,Liverpool,3,1,Real Madrid,66.0,34.0
UEFA Europa Conference League,2122,Roma,Feyenoord,1,0,Roma,34.0,66.0
UEFA Europa League,1920,Sevilla,Internazionale,3,2,Sevilla,48.0,52.0
UEFA Europa League,2223,Sevilla,Roma,1,1,Sevilla,67.0,33.0
UEFA Champions League,1819,Tottenham,Liverpool,0,2,Liverpool,65.0,35.0
UEFA Europa League,2425,Tottenham,Manchester Utd,1,0,Tottenham,27.0,73.0
UEFA Europa League,2021,Villarreal,Manchester Utd,1,1,Villarreal,40.0,60.0
