id_unic,dni_duplicat,nom,cognoms,dni,pais_origen,ciutat,data_naixement,genere,salari_mensual,grup_professional,carrec,nombre_fills,te_cotxe,km_anuals,consum_mitja_l_100km,temperatura_mitjana_ciutat,situacio_familiar,edat,franja_edat,transport,cost_vida_index,cost_vida,increment_base,increment_fills,increment_edat,increment_cost_vida,increment_transport,increment_total,increment_total_limitat,salari_ajustat,index_dependencia,ratio_salari_cost,pressio_economica
1,False,Joana,Gil Navarro,66722344X,espanya,valladolid,1958-03-23,dona,1469,grup_b,cap_de_projecte,3,true,,,10.1,amb_fills,68,60_mes,baix,64.0,baix,3.5,1.5,1.5,0,0.5,7.0,7.0,1571.8300000000002,367.25,24.559843750000002,0.16286748566956985
4,False,Pol,Gil,58586340F,espanya,sevilla,1985-10-13,home,1478,grup_b,analista_dades,2,false,,,18.3,amb_fills,41,30_44,baix,65.0,baix,3.5,1.5,1.0,0,0.5,6.5,6.5,1574.07,492.6666666666667,24.216461538461537,0.12388267357868456
5,False,David,Vila,82070937P,espanya,bilbao,1965-11-29,dona,1284,grup_b,administratiu,,true,,,13.1,,61,60_mes,baix,72.0,mitja,3.5,,1.5,1,0.5,,,,,,
6,False,Alexia,Puig,25014631B,espanya,las_palmas_de_gran_canaria,1978-08-01,dona,2069,grup_b,cap_de_projecte,0,,,,19.9,sense_fills,48,45_59,baix,62.0,baix,3.5,0.0,2.0,0,0.5,6.0,6.0,2193.1400000000003,2069.0,35.37322580645162,0.0282699690854209
7,False,David,Gómez Vila,36998038E,espanya,palma,1971-09-25,dona,2349,grup_b,cap_de_projecte,,true,6196,10.6,17.8,,55,45_59,alt,73.0,mitja,3.5,,2.0,1,-0.5,,,,,,
9,False,Nora,Andersen Pedersen,37289414J,noruega,stavanger,1963-03-08,dona,1338,grup_b,analista_junior,0,false,,,7.6,sense_fills,63,60_mes,baix,87.5,alt,3.5,0.0,1.5,2,0.5,7.5,7.5,1438.35,1338.0,16.438285714285712,0.0608335940487364
12,False,Guillem,Vidal,52169044F,espanya,zaragoza,1974-04-22,home,2419,grup_b,cap_de_projecte,1,,,,38.0,amb_fills,52,45_59,baix,68.0,baix,3.5,1.5,2.0,0,0.5,7.5,7.5,2600.4249999999997,1209.5,38.24154411764705,0.05229914340925042
16,False,Carmen,Hernández Serra,36786211Z,espanya,tarragona,1960-08-08,home,1336,grup_b,administratiu,3,true,,,,amb_fills,66,60_mes,baix,67.0,baix,3.5,1.5,1.5,0,0.5,7.0,7.0,1429.52,334.0,21.336119402985073,0.1874755162572052
19,False,Nil,Fernández Vidal,69345683K,espanya,bilbao,1978-08-15,home,1751,grup_b,analista_senior,,true,,,16.0,,48,45_59,baix,72.0,mitja,3.5,,2.0,1,0.5,,,,,,
22,False,Sergio,Ribera,30509175E,espanya,malaga,1972-07-23,dona,1880,grup_b,analista_senior,4,,,,,amb_fills,54,45_59,baix,68.35714285714286,baix,3.5,1.5,2.0,0,0.5,7.5,7.5,2021.0,376.0,29.565308254963426,0.16911712730614267
24,False,Antoine,Robert,38408562Z,frança,lyon,1974-07-11,no_consta,1479,grup_b,administratiu,,false,,,,,52,45_59,baix,74.0,mitja,3.5,,2.0,1,0.5,,,,,,
25,False,Camille,Durand Martin,99853245A,frança,paris,1973-03-16,dona,1840,grup_b,analista_senior,0,true,22384,,11.6,sense_fills,53,45_59,baix,85.0,alt,3.5,0.0,2.0,2,0.5,8.0,8.0,1987.2,1840.0,23.378823529411765,0.04277375201288244
25,False,Camille,Durand Martin,99853245A,frança,paris,1973-03-16,dona,1840,grup_b,analista_senior,0,true,22384,,11.6,sense_fills,53,45_59,baix,88.0,alt,3.5,0.0,2.0,2,0.5,8.0,8.0,1987.2,1840.0,22.581818181818182,0.04428341384863124
33,False,Adrià,Ferrer,33513701S,espanya,tarragona,1987-05-10,home,1538,grup_b,responsable_de_vendes,0,false,,,13.4,sense_fills,39,30_44,baix,67.0,baix,3.5,0.0,1.0,0,0.5,5.0,5.0,1614.9,1538.0,24.10298507462687,0.041488637067310666
35,False,Hugo,Pujol,83715012G,espanya,malaga,1961-04-09,dona,1974,grup_b,cap_de_projecte,0,false,,,19.1,sense_fills,65,60_mes,baix,68.35714285714286,baix,3.5,0.0,1.5,0,0.5,5.5,5.5,2082.5699999999997,1974.0,30.466018808777424,0.03282345508537186
36,True,Ida,Karlsen Eriksen,55283701C,noruega,oslo,1992-09-02,dona,1614,grup_b,analista,3,,,,10.6,amb_fills,34,30_44,baix,90.0,alt,3.5,1.5,1.0,2,0.5,8.5,8.5,1751.19,403.5,19.457666666666668,0.2055744950576465
40,True,Ida,Karlsen Eriksen,55283701C,noruega,oslo,1992-09-02,dona,1614,grup_b,analista,3,,,,10.6,amb_fills,34,30_44,baix,90.0,alt,3.5,1.5,1.0,2,0.5,8.5,8.5,1751.19,403.5,19.457666666666668,0.2055744950576465
41,False,Paul,Richard Laurent,43567615Z,frança,bordeaux,,dona,1967,grup_b,cap_de_projecte,,false,,,15.2,,,,baix,73.0,mitja,3.5,,,1,0.5,,,,,,
43,False,Laia,Vidal Pérez,65767881M,espanya,palma,1976-06-24,dona,1923,grup_b,analista_senior,2,false,,,19.5,amb_fills,50,45_59,baix,73.0,mitja,3.5,1.5,2.0,1,0.5,8.5,8.5,2086.455,641.0,28.58157534246575,0.1049627238545763
44,False,Pau,Pérez,63339667V,espanya,palma,2001-12-22,dona,1090,grup_b,administratiu,,,,,,,25,18_29,baix,73.0,mitja,3.5,,0.0,1,0.5,,,,,,
50,False,Claudia,Díaz,97874085C,espanya,a_coruña,1964-12-04,dona,1714,grup_b,analista_senior,,false,,,16.2,,62,60_mes,baix,69.0,baix,3.5,,1.5,0,0.5,,,,,,
51,False,Francesca,Ferrari,60015814G,italia,venezia,1964-12-24,home,1773,grup_b,analista,3,false,,,11.5,amb_fills,62,60_mes,baix,79.0,mitja,3.5,1.5,1.5,1,0.5,8.0,8.0,1914.8400000000001,443.25,24.23848101265823,0.16502684297382547
52,False,Marina,Vidal,24524825B,espanya,malaga,1988-04-28,dona,1647,grup_b,administratiu,0,,,,19.0,sense_fills,38,30_44,baix,68.35714285714286,baix,3.5,0.0,1.0,0,0.5,5.0,5.0,1729.3500000000001,1647.0,25.298746081504703,0.039527650768868564
53,False,Aina,Serra,29226889H,espanya,valencia,,dona,1866,grup_b,tecnic_it,,false,,,21.1,,,,baix,70.0,mitja,3.5,,,1,0.5,,,,,,
53,False,Aina,Serra,29226889H,espanya,valencia,,dona,1866,grup_b,tecnic_it,,false,,,21.1,,,,baix,55.0,baix,3.5,,,0,0.5,,,,,,
54,False,Pau,Ribera Gómez,46521025Z,espanya,a_coruña,1961-11-03,home,1799,grup_b,tecnic_it,0,true,,,15.5,sense_fills,65,60_mes,baix,69.0,baix,3.5,0.0,1.5,0,0.5,5.5,5.5,1897.945,1799.0,27.506449275362318,0.036355110395717476
55,False,Carlos,Díaz,26104026T,espanya,barcelona,1974-05-11,home,1413,grup_b,analista_dades,,,,,18.6,,52,45_59,baix,78.0,mitja,3.5,,2.0,1,0.5,,,,,,
58,False,Riccardo,Barbieri,93821894X,italia,venezia,1994-11-21,dona,1597,grup_b,administratiu,0,true,,,13.8,sense_fills,32,30_44,baix,79.0,mitja,3.5,0.0,1.0,1,0.5,6.0,6.0,1692.8200000000002,1597.0,21.428101265822786,0.04666769059911863
60,False,Núria,Navarro,47969333N,espanya,girona,1981-06-30,home,2125,grup_b,tecnic_it,,true,,,,,45,45_59,baix,66.0,baix,3.5,,2.0,0,0.5,,,,,,
63,False,Jon,Johnsen Pettersen,42352710Z,noruega,trondheim,1978-12-04,dona,1681,grup_b,tecnic_it,,false,,,7.0,,48,45_59,baix,87.5,alt,3.5,,2.0,2,0.5,,,,,,
65,False,Marta,Ruiz Puig,29602406G,espanya,madrid,2003-11-11,dona,1664,grup_b,analista,,true,,,13.9,,23,18_29,baix,75.0,mitja,3.5,,0.0,1,0.5,,,,,,
66,False,Carmen,Díaz Ruiz,24879094S,espanya,bilbao,1997-08-03,home,1702,grup_b,analista,1,true,29300,25.0,16.3,amb_fills,29,18_29,alt,72.0,mitja,3.5,1.5,0.0,1,-0.5,5.5,5.5,1795.61,851.0,24.939027777777778,0.08019558812882531
67,False,Clara,David Lefebvre,57928328W,frança,paris,,dona,1672,grup_b,administratiu,,false,,,12.6,,,,baix,85.0,alt,3.5,,,2,0.5,,,,,,
67,False,Clara,David Lefebvre,57928328W,frança,paris,,dona,1672,grup_b,administratiu,,false,,,12.6,,,,baix,88.0,alt,3.5,,,2,0.5,,,,,,
69,False,Laura,Hoffmann Bauer,61894582X,alemanya,berlin,1983-12-15,dona,1798,grup_b,analista_dades,0,true,,,11.1,sense_fills,43,30_44,baix,76.0,mitja,3.5,0.0,1.0,1,0.5,6.0,6.0,1905.88,1798.0,25.077368421052633,0.03987659244023758
70,False,lise,Michel Garcia,57319709L,frança,nice,1960-12-28,dona,1394,grup_b,tecnic_it,2,true,,,16.5,amb_fills,66,60_mes,baix,75.0,mitja,3.5,1.5,1.5,1,0.5,8.0,8.0,1505.5200000000002,464.6666666666667,20.073600000000003,0.1494500239120038
76,False,Claudia,Roca Vidal,91220369X,espanya,madrid,2000-10-24,dona,1058,grup_b,analista,,,,,15.3,,26,18_29,baix,75.0,mitja,3.5,,0.0,1,0.5,,,,,,
81,False,Hugo,Sánchez Domènech,90861208Q,espanya,valladolid,,dona,1201,grup_b,tecnic_it,4,true,,,9.7,amb_fills,,,baix,64.0,baix,3.5,1.5,,0,0.5,,,,240.2,,
87,False,Lucía,Romero,36770527D,espanya,alacant,1988-08-21,dona,1263,grup_b,administratiu,0,true,29386,,20.9,sense_fills,38,30_44,baix,68.0,baix,3.5,0.0,1.0,0,0.5,5.0,5.0,1326.15,1263.0,19.502205882352943,0.051276250801191414
88,False,Xavier,Díaz,54968591D,espanya,murcia,1994-10-04,dona,1890,grup_b,responsable_de_vendes,,true,20000,7.6,17.6,,32,30_44,alt,60.0,baix,3.5,,1.0,0,-0.5,,,,,,
89,True,Guillem,Pujol Costa,54013571W,espanya,a_coruña,1983-07-17,dona,1574,grup_b,cap_de_projecte,4,false,,,14.6,amb_fills,43,30_44,baix,69.0,baix,3.5,1.5,1.0,0,0.5,6.5,6.5,1676.31,314.8,24.294347826086955,0.20580918803801207
96,False,Alba,Moreno Ribera,65507111D,espanya,valladolid,2000-09-08,dona,1700,grup_b,cap_de_projecte,0,,,,8.6,sense_fills,26,18_29,baix,64.0,baix,3.5,0.0,0.0,0,0.5,4.0,4.0,1768.0,1700.0,27.625,0.03619909502262444
98,False,Francesca,Lombardi,91197624L,italia,firenze,1975-07-22,dona,1392,grup_b,analista,0,false,,,,sense_fills,51,45_59,baix,77.0,mitja,3.5,0.0,2.0,1,0.5,7.0,7.0,1489.44,1392.0,19.343376623376624,0.05169728220002148
104,True,Oriol,Vila Casals,90585882A,espanya,madrid,1964-09-30,home,1987,grup_b,responsable_de_vendes,0,false,,,13.5,sense_fills,62,60_mes,baix,75.0,mitja,3.5,0.0,1.5,1,0.5,6.5,6.5,2116.1549999999997,1987.0,28.215399999999995,0.03544163825428667
107,False,Pau,García,21716836M,espanya,madrid,1975-02-05,home,1957,grup_b,tecnic_it,3,,,,18.0,amb_fills,51,45_59,baix,75.0,mitja,3.5,1.5,2.0,1,0.5,8.5,8.5,2123.345,489.25,28.311266666666665,0.14128650784493335
108,False,Jordi,Díaz Pujol,79941466M,espanya,zaragoza,1993-04-19,dona,1549,grup_b,tecnic_it,4,false,,,17.0,amb_fills,33,30_44,baix,68.0,baix,3.5,1.5,1.0,0,0.5,6.5,6.5,1649.685,309.8,24.260073529411763,0.20609995241515805
109,False,Katharina,Braun Fischer,93240786N,alemanya,leipzig,1958-07-11,no_consta,1800,grup_b,administratiu,1,true,,,9.1,amb_fills,68,60_mes,baix,70.0,mitja,3.5,1.5,1.5,1,0.5,8.0,8.0,1944.0000000000002,900.0,27.771428571428576,0.07201646090534979
110,False,Víctor,Ruiz Hernández,85678734Y,espanya,a_coruña,1983-06-04,home,1825,grup_b,analista_dades,0,false,,,10.0,sense_fills,43,30_44,baix,69.0,baix,3.5,0.0,1.0,0,0.5,5.0,5.0,1916.25,1825.0,27.77173913043478,0.03600782778864971
120,False,Claudia,Ribera,98032908G,espanya,murcia,1984-01-09,dona,1567,grup_b,analista_dades,,,,,22.1,,42,30_44,baix,60.0,baix,3.5,,1.0,0,0.5,,,,,,
128,False,Pau,Ramos,62443094H,espanya,bilbao,,dona,1636,grup_b,analista_junior,2,false,,,15.1,amb_fills,,,baix,72.0,mitja,3.5,1.5,,1,0.5,,,,545.3333333333334,,
129,False,Jordi,Serra García,44795538M,espanya,madrid,1980-09-17,dona,1324,grup_b,administratiu,4,true,19232,6.7,18.4,amb_fills,46,45_59,alt,75.0,mitja,3.5,1.5,2.0,1,-0.5,7.5,7.5,1423.3,264.8,18.977333333333334,0.26347221246399216
130,False,Lucía,Hernández,40655922Q,espanya,malaga,2001-12-04,dona,1268,grup_b,analista,2,true,,,18.8,amb_fills,25,18_29,baix,68.35714285714286,baix,3.5,1.5,0.0,0,0.5,5.5,5.5,1337.74,422.6666666666667,19.569864158829674,0.1532969250911452
133,False,Adrià,Torres,22485824R,espanya,sevilla,,dona,2093,grup_b,analista_senior,1,,,,16.9,amb_fills,,,baix,65.0,baix,3.5,1.5,,0,0.5,,,,1046.5,,
134,False,Max,Zimmermann Weber,62741214E,alemanya,munchen,1974-06-30,dona,1343,grup_b,administratiu,1,true,,,,amb_fills,52,45_59,baix,82.0,alt,3.5,1.5,2.0,2,0.5,9.5,9.5,1470.585,671.5,17.933963414634146,0.11152024534453976
135,False,Julien,Dubois Moreau,38859601X,frança,bordeaux,2002-10-02,dona,1644,grup_b,analista_dades,,true,20000,7.1,9.0,,24,18_29,alt,73.0,mitja,3.5,,0.0,1,-0.5,,,,,,
138,False,Noa,Casals,74382155V,espanya,sevilla,1982-12-12,home,1967,grup_b,responsable_de_vendes,1,true,3920,,19.2,amb_fills,44,30_44,baix,65.0,baix,3.5,1.5,1.0,0,0.5,6.5,6.5,2094.855,983.5,32.22853846153846,0.06205680106737698
144,False,Oriol,Ribera Gil,40277201M,espanya,zaragoza,1988-10-21,dona,1479,grup_b,responsable_de_vendes,0,false,,,14.3,sense_fills,38,30_44,baix,68.0,baix,3.5,0.0,1.0,0,0.5,5.0,5.0,1552.95,1479.0,22.837500000000002,0.043787629994526546
148,False,Alba,Ramos Gil,41627336S,espanya,zaragoza,1988-10-29,dona,1486,grup_b,cap_de_projecte,0,false,,,-10.0,sense_fills,38,30_44,baix,68.0,baix,3.5,0.0,1.0,0,0.5,5.0,5.0,1560.3,1486.0,22.945588235294117,0.04358136255848234
149,False,Adrià,Fernández,18994192W,espanya,valladolid,1996-05-11,dona,1849,grup_b,tecnic_it,0,,,,13.8,sense_fills,30,30_44,baix,64.0,baix,3.5,0.0,1.0,0,0.5,5.0,5.0,1941.45,1849.0,30.33515625,0.03296505189420278
155,False,Víctor,Díaz,60529679B,espanya,a_coruña,1975-07-29,dona,1654,grup_b,responsable_de_vendes,0,,,,-5.0,sense_fills,51,45_59,baix,69.0,baix,3.5,0.0,2.0,0,0.5,6.0,6.0,1753.24,1654.0,25.40927536231884,0.039355707147909015
162,False,Liv,Hagen,24710878J,noruega,troms,1959-06-11,dona,2158,grup_b,cap_de_projecte,1,,,,5.0,amb_fills,67,60_mes,baix,87.5,alt,3.5,1.5,1.5,2,0.5,9.0,9.0,2352.2200000000003,1079.0,26.88251428571429,0.07439780292659699
163,False,Joana,Soler,79834723P,espanya,sevilla,2000-02-22,home,1430,grup_b,analista_dades,1,false,,,19.7,amb_fills,26,18_29,baix,65.0,baix,3.5,1.5,0.0,0,0.5,5.5,5.5,1508.6499999999999,715.0,23.209999999999997,0.08616975441619992
164,False,Marta,Serra Gómez,74513622X,espanya,sevilla,1989-04-23,dona,1457,grup_b,analista_senior,0,,,,21.2,sense_fills,37,30_44,baix,65.0,baix,3.5,0.0,1.0,0,0.5,5.0,5.0,1529.8500000000001,1457.0,23.536153846153848,0.042487825603817364
169,False,Carmen,Gil,69618021H,espanya,las_palmas_de_gran_canaria,1973-02-15,dona,1727,grup_b,responsable_de_vendes,0,false,,,23.2,sense_fills,53,45_59,baix,62.0,baix,3.5,0.0,2.0,0,0.5,6.0,6.0,1830.6200000000001,1727.0,29.526129032258066,0.03386830691241219
171,False,Marta,Domènech,24270328R,espanya,malaga,1993-09-12,home,1681,grup_b,analista_dades,1,false,,,18.7,amb_fills,33,30_44,baix,68.35714285714286,baix,3.5,1.5,1.0,0,0.5,6.5,6.5,1790.2649999999999,840.5,26.18987460815047,0.07636539043900525
176,False,Alba,Navarro Vila,96854901V,espanya,malaga,1993-04-24,dona,1641,grup_b,tecnic_it,,,,,15.0,,33,30_44,baix,68.35714285714286,baix,3.5,,1.0,0,0.5,,,,,,
177,False,Martina,Colombo,95065651E,italia,roma,1986-04-30,dona,1750,grup_b,administratiu,0,true,,,16.0,sense_fills,40,30_44,baix,78.0,mitja,3.5,0.0,1.0,1,0.5,6.0,6.0,1855.0,1750.0,23.78205128205128,0.042048517520215635
179,False,Sergio,Ramos Gómez,82890984V,espanya,girona,1990-03-14,dona,1549,grup_b,tecnic_it,2,,,,15.3,amb_fills,36,30_44,baix,66.0,baix,3.5,1.5,1.0,0,0.5,6.5,6.5,1649.685,516.3333333333334,24.995227272727274,0.12002291346529792
181,False,Alexia,Muñoz,97446634Y,espanya,murcia,1989-01-10,home,2000,grup_b,administratiu,0,true,,,18.9,sense_fills,37,30_44,baix,60.0,baix,3.5,0.0,1.0,0,0.5,5.0,5.0,2100.0,2000.0,35.0,0.02857142857142857
182,False,Guillem,Pérez Serra,33889703P,espanya,girona,1963-02-02,dona,1306,grup_b,analista_junior,,true,27526,25.0,13.2,,63,60_mes,alt,66.0,baix,3.5,,1.5,0,-0.5,,,,,,
184,False,Víctor,Vila,84500200G,espanya,alacant,1958-09-28,dona,1713,grup_b,analista_junior,,,,,,,68,60_mes,baix,68.0,baix,3.5,,1.5,0,0.5,,,,,,
185,False,Marc,Ramos Gómez,34341456K,espanya,valladolid,1974-04-04,home,1734,grup_b,analista,1,true,,,14.4,amb_fills,52,45_59,baix,64.0,baix,3.5,1.5,2.0,0,0.5,7.5,7.5,1864.05,867.0,29.12578125,0.06866768595263002
190,False,Jonas,Becker Wagner,71021210R,alemanya,frankfurt,1981-07-16,dona,1363,grup_b,analista,,false,,,11.5,,45,45_59,baix,80.0,alt,3.5,,2.0,2,0.5,,,,,,
191,False,Noa,Ribera,64471218B,espanya,a_coruña,1982-04-17,dona,1650,grup_b,administratiu,,true,,,15.5,,44,30_44,baix,69.0,baix,3.5,,1.0,0,0.5,,,,,,
200,False,Ben,Bauer Müller,57395992K,alemanya,hamburg,,dona,1499,grup_b,tecnic_it,0,,,,9.4,sense_fills,,,baix,78.0,mitja,3.5,0.0,,1,0.5,,,,1499.0,,
201,False,Marta,Domènech Costa,10624307P,espanya,malaga,,home,1445,grup_b,analista_dades,1,false,,,17.9,amb_fills,,,baix,68.35714285714286,baix,3.5,1.5,,0,0.5,,,,722.5,,
202,False,Sara,Torres,88762521T,espanya,zaragoza,1987-11-15,dona,1734,grup_b,cap_de_projecte,2,false,,,12.1,amb_fills,39,30_44,baix,68.0,baix,3.5,1.5,1.0,0,0.5,6.5,6.5,1846.7099999999998,578.0,27.1575,0.11046672190002763
203,False,Irene,Soler,52127291B,espanya,madrid,1993-03-16,home,1761,grup_b,analista_senior,0,true,,,15.4,sense_fills,33,30_44,baix,75.0,mitja,3.5,0.0,1.0,1,0.5,6.0,6.0,1866.66,1761.0,24.8888,0.04017871492398187
209,False,Víctor,Puig Roca,31743203X,espanya,valladolid,1983-02-03,no_consta,2257,grup_b,analista_senior,,false,,,42.0,,43,30_44,baix,64.0,baix,3.5,,1.0,0,0.5,,,,,,
212,False,Nil,Puig Gil,59094606J,espanya,las_palmas_de_gran_canaria,1963-08-10,dona,1446,grup_b,cap_de_projecte,,,,,22.0,,63,60_mes,baix,62.0,baix,3.5,,1.5,0,0.5,,,,,,
216,False,Jordi,Sánchez,14497675Y,espanya,murcia,1982-08-08,dona,1379,grup_b,responsable_de_vendes,4,false,,,19.7,amb_fills,44,30_44,baix,60.0,baix,3.5,1.5,1.0,0,0.5,6.5,6.5,1468.635,275.8,24.47725,0.20427131315813662
218,False,Hugo,Moreno,96513378G,espanya,valladolid,,dona,1471,grup_b,analista_junior,,true,,,14.6,,,,baix,64.0,baix,3.5,,,0,0.5,,,,,,
220,False,Jordi,Costa,18501586K,espanya,alacant,1973-06-24,dona,1899,grup_b,tecnic_it,,false,,,16.6,,53,45_59,baix,68.0,baix,3.5,,2.0,0,0.5,,,,,,
221,False,Chiara,Esposito,62156850K,italia,roma,1994-11-27,no_consta,1893,grup_b,responsable_de_vendes,1,true,,,15.1,amb_fills,32,30_44,baix,78.0,mitja,3.5,1.5,1.0,1,0.5,7.5,7.5,2034.975,946.5,26.089423076923076,0.07665941842037372
226,False,Víctor,Díaz Álvarez,53579429S,espanya,bilbao,1971-12-03,dona,1819,grup_b,analista_dades,1,true,30000,13.4,13.2,amb_fills,55,45_59,alt,72.0,mitja,3.5,1.5,2.0,1,-0.5,7.5,7.5,1955.425,909.5,27.158680555555556,0.07364128002863828
230,False,Hugo,Puig Domènech,24935479D,espanya,sevilla,1958-06-23,home,1617,grup_b,responsable_de_vendes,1,false,,,21.0,amb_fills,68,60_mes,baix,65.0,baix,3.5,1.5,1.5,0,0.5,7.0,7.0,1730.19,808.5,26.618307692307692,0.07513625671169062
231,False,Jordi,Álvarez,18067834D,espanya,valladolid,1960-05-06,dona,2184,grup_b,analista_senior,0,,,,15.0,sense_fills,66,60_mes,baix,64.0,baix,3.5,0.0,1.5,0,0.5,5.5,5.5,2304.12,2184.0,36.001875,0.02777633109386664
232,False,Marta,Vila Díaz,61096850Q,espanya,valladolid,1999-07-08,home,1701,grup_b,analista_junior,1,,,,,amb_fills,27,18_29,baix,64.0,baix,3.5,1.5,0.0,0,0.5,5.5,5.5,1794.5549999999998,850.5,28.039921874999997,0.07132687490770694
234,False,Irene,Ramos,66013532F,espanya,girona,1998-11-08,home,1696,grup_b,analista_dades,0,,,,11.6,sense_fills,28,18_29,baix,66.0,baix,3.5,0.0,0.0,0,0.5,4.0,4.0,1763.8400000000001,1696.0,26.724848484848486,0.03741835994194485
237,False,Laia,Romero,37223861Y,espanya,sevilla,1975-07-08,dona,1758,grup_b,analista_junior,0,true,,,19.0,sense_fills,51,45_59,baix,65.0,baix,3.5,0.0,2.0,0,0.5,6.0,6.0,1863.48,1758.0,28.66892307692308,0.03488097537939769
238,False,Simone,Esposito,82191574N,italia,roma,1960-04-17,dona,1726,grup_b,analista,3,false,,,15.0,amb_fills,66,60_mes,baix,78.0,mitja,3.5,1.5,1.5,1,0.5,8.0,8.0,1864.0800000000002,431.5,23.89846153846154,0.16737479078151152
240,False,Laura,Meyer,95103759B,alemanya,frankfurt,1965-12-15,home,1631,grup_b,analista_junior,0,false,,,-10.0,sense_fills,61,60_mes,baix,80.0,alt,3.5,0.0,1.5,2,0.5,7.5,7.5,1753.3249999999998,1631.0,21.916562499999998,0.045627593287040344
241,False,Tim,Schäfer Wolf,37226295T,alemanya,berlin,1969-02-05,dona,2099,grup_b,cap_de_projecte,,,,,8.1,,57,45_59,baix,76.0,mitja,3.5,,2.0,1,0.5,,,,,,
245,False,Hugo,Vila Ramos,27409802L,espanya,zaragoza,1997-06-30,home,2044,grup_b,analista_dades,1,false,,,17.3,amb_fills,29,18_29,baix,68.0,baix,3.5,1.5,0.0,0,0.5,5.5,5.5,2156.42,1022.0,31.712058823529414,0.06306749149052596
246,False,Víctor,Costa,95564277Y,espanya,sevilla,1979-06-18,home,1400,grup_b,analista,1,true,,,17.5,amb_fills,47,45_59,baix,65.0,baix,3.5,1.5,2.0,0,0.5,7.5,7.5,1505.0,700.0,23.153846153846153,0.08637873754152824
247,False,Nicolas,David,71823092V,frança,nantes,1988-03-21,home,1666,grup_b,administratiu,,true,,,13.1,,38,30_44,baix,75.0,mitja,3.5,,1.0,1,0.5,,,,,,
249,False,Víctor,Martínez,74781956Q,espanya,malaga,1986-09-01,dona,1813,grup_b,analista_dades,1,,,,17.4,amb_fills,40,30_44,baix,68.35714285714286,baix,3.5,1.5,1.0,0,0.5,6.5,6.5,1930.8449999999998,906.5,28.246426332288397,0.07080541716931485
255,False,Felix,Schmidt Weber,29693143K,alemanya,stuttgart,1998-01-25,dona,1569,grup_b,analista_dades,0,false,,,7.0,sense_fills,28,18_29,baix,79.0,mitja,3.5,0.0,0.0,1,0.5,5.0,5.0,1647.45,1569.0,20.853797468354433,0.04795289690127166
263,False,Pol,Roca Vidal,45486562A,espanya,palma,1980-01-21,dona,1568,grup_b,analista,0,,,,15.7,sense_fills,46,45_59,baix,73.0,mitja,3.5,0.0,2.0,1,0.5,7.0,7.0,1677.76,1568.0,22.98301369863014,0.04351039481213046
266,False,Hugo,López Costa,26346394E,espanya,barcelona,1971-10-21,dona,1237,grup_b,analista_junior,0,,,,17.3,sense_fills,55,45_59,baix,78.0,mitja,3.5,0.0,2.0,1,0.5,7.0,7.0,1323.5900000000001,1237.0,16.969102564102567,0.05893063561979162
267,False,Xavier,López,99600963X,espanya,valladolid,,dona,1869,grup_b,cap_de_projecte,1,false,,,14.6,amb_fills,,,baix,64.0,baix,3.5,1.5,,0,0.5,,,,934.5,,
269,False,Oriol,Torres Vila,10443906N,espanya,tarragona,1962-09-08,dona,1632,grup_b,responsable_de_vendes,1,false,0,,15.1,amb_fills,64,60_mes,baix,67.0,baix,3.5,1.5,1.5,0,0.5,7.0,7.0,1746.24,816.0,26.063283582089554,0.07673630199743449
272,False,Giorgio,Esposito,24271532A,italia,roma,1995-02-27,dona,1895,grup_b,responsable_de_vendes,3,,,,17.1,amb_fills,31,30_44,baix,78.0,mitja,3.5,1.5,1.0,1,0.5,7.5,7.5,2037.125,473.75,26.11698717948718,0.15315702276492607
273,False,Sara,Gil Domènech,33279749X,espanya,valladolid,,dona,1473,grup_b,analista_junior,,,,,12.6,,,,baix,64.0,baix,3.5,,,0,0.5,,,,,,
274,False,Noa,Costa Gómez,10969588M,espanya,murcia,1989-02-01,dona,1682,grup_b,analista,,true,,,18.2,,37,30_44,baix,60.0,baix,3.5,,1.0,0,0.5,,,,,,
275,False,lise,Dubois,84854623F,frança,nice,1980-07-01,dona,1594,grup_b,analista_senior,0,,,,17.2,sense_fills,46,45_59,baix,75.0,mitja,3.5,0.0,2.0,1,0.5,7.0,7.0,1705.5800000000002,1594.0,22.74106666666667,0.04397331113169713
277,False,Víctor,García,89551741H,espanya,valencia,1973-12-15,dona,1778,grup_b,administratiu,2,,,,16.6,amb_fills,53,45_59,baix,70.0,mitja,3.5,1.5,2.0,1,0.5,8.5,8.5,1929.1299999999999,592.6666666666666,27.558999999999997,0.108857360571864
277,False,Víctor,García,89551741H,espanya,valencia,1973-12-15,dona,1778,grup_b,administratiu,2,,,,16.6,amb_fills,53,45_59,baix,55.0,baix,3.5,1.5,2.0,0,0.5,7.5,7.5,1911.35,592.6666666666666,34.75181818181818,0.08632641850001309
278,False,Chloé,David,91796786Z,frança,toulouse,1985-03-07,home,1454,grup_b,analista_dades,,true,4103,,13.1,,41,30_44,baix,75.0,mitja,3.5,,1.0,1,0.5,,,,,,
281,False,Marc,Vidal,28605786E,espanya,palma,1987-08-25,dona,1968,grup_b,cap_de_projecte,1,,,,13.8,amb_fills,39,30_44,baix,73.0,mitja,3.5,1.5,1.0,1,0.5,7.5,7.5,2115.6,984.0,28.980821917808218,0.06901115522783136
283,False,Alexia,Fernández Moreno,87862305E,espanya,girona,1965-11-16,home,1738,grup_b,analista_senior,4,true,20000,6.7,16.5,amb_fills,61,60_mes,alt,66.0,baix,3.5,1.5,1.5,0,-0.5,6.0,6.0,1842.2800000000002,347.6,27.913333333333338,0.1791258657750179
293,False,Aina,Roca,87210585T,espanya,murcia,,dona,1584,grup_b,cap_de_projecte,,false,,,15.0,,,,baix,60.0,baix,3.5,,,0,0.5,,,,,,
294,False,Claudia,Roca,22684736L,espanya,bilbao,1998-03-25,home,1723,grup_b,analista_dades,3,,,,13.3,amb_fills,28,18_29,baix,72.0,mitja,3.5,1.5,0.0,1,0.5,6.5,6.5,1834.995,430.75,25.486041666666665,0.15694865653584888
297,False,Adrià,Martínez Martínez,43958759R,espanya,tarragona,1961-08-04,home,1247,grup_b,analista_junior,1,true,14109,,,amb_fills,65,60_mes,baix,67.0,baix,3.5,1.5,1.5,0,0.5,7.0,7.0,1334.2900000000002,623.5,19.914776119402987,0.10042794295093269
300,False,Núria,Ruiz,19342782S,espanya,murcia,1985-04-28,dona,1678,grup_b,administratiu,0,false,,,17.5,sense_fills,41,30_44,baix,60.0,baix,3.5,0.0,1.0,0,0.5,5.0,5.0,1761.9,1678.0,29.365000000000002,0.034054146092286734
308,False,Ilaria,Rizzo,50513220Q,italia,milano,1962-11-27,dona,2094,grup_b,cap_de_projecte,1,,,,15.1,amb_fills,64,60_mes,baix,80.0,alt,3.5,1.5,1.5,2,0.5,9.0,9.0,2282.46,1047.0,28.53075,0.07009980459679468
316,False,Joana,García,96046825G,espanya,palma,1969-11-15,dona,1724,grup_b,analista,2,,,,-10.0,amb_fills,57,45_59,baix,73.0,mitja,3.5,1.5,2.0,1,0.5,8.5,8.5,1870.54,574.6666666666666,25.623835616438356,0.11707849070321939
319,False,Nil,Ferrer,48949039P,espanya,murcia,1984-03-01,dona,1730,grup_b,analista_senior,0,true,,,18.9,sense_fills,42,30_44,baix,60.0,baix,3.5,0.0,1.0,0,0.5,5.0,5.0,1816.5,1730.0,30.275,0.03303055326176713
325,False,Alejandro,Fernández,17453784W,espanya,a_coruña,1976-06-26,dona,1403,grup_b,tecnic_it,0,true,30000,12.9,11.1,sense_fills,50,45_59,alt,69.0,baix,3.5,0.0,2.0,0,-0.5,5.0,5.0,1473.15,1403.0,21.35,0.046838407494145196
326,False,Pol,Casals,99324622A,espanya,zaragoza,1996-03-12,home,1668,grup_b,administratiu,,false,,,13.9,,30,30_44,baix,68.0,baix,3.5,,1.0,0,0.5,,,,,,
328,False,David,López,22681476Z,espanya,barcelona,1990-07-14,dona,2094,grup_b,cap_de_projecte,4,true,27752,,15.7,amb_fills,36,30_44,baix,78.0,mitja,3.5,1.5,1.0,1,0.5,7.5,7.5,2251.0499999999997,418.8,28.85961538461538,0.17325248217498504
329,False,Núria,Costa,20498581L,espanya,valladolid,1969-04-06,no_consta,1577,grup_b,cap_de_projecte,1,,,,11.7,amb_fills,57,45_59,baix,64.0,baix,3.5,1.5,2.0,0,0.5,7.5,7.5,1695.2749999999999,788.5,26.488671874999998,0.07550397428145876
340,False,David,Díaz Ramos,95320264M,espanya,las_palmas_de_gran_canaria,1991-06-25,dona,1675,grup_b,analista,,true,,,21.9,,35,30_44,baix,62.0,baix,3.5,,1.0,0,0.5,,,,,,
341,False,Nil,Vidal,85913174E,espanya,palma,1973-12-19,dona,1851,grup_b,analista_senior,0,,,,19.8,sense_fills,53,45_59,baix,73.0,mitja,3.5,0.0,2.0,1,0.5,7.0,7.0,1980.5700000000002,1851.0,27.13109589041096,0.036858076210383874
342,False,Sara,Fernández,67135430J,espanya,las_palmas_de_gran_canaria,1964-03-23,dona,1261,grup_b,analista_junior,1,,,,25.1,amb_fills,62,60_mes,baix,62.0,baix,3.5,1.5,1.5,0,0.5,7.0,7.0,1349.27,630.5,21.76241935483871,0.09190154676232333
346,False,Claudia,Roca,53649791W,espanya,valencia,1986-03-28,home,1724,grup_b,tecnic_it,,,,,18.3,,40,30_44,baix,70.0,mitja,3.5,,1.0,1,0.5,,,,,,
346,False,Claudia,Roca,53649791W,espanya,valencia,1986-03-28,home,1724,grup_b,tecnic_it,,,,,18.3,,40,30_44,baix,55.0,baix,3.5,,1.0,0,0.5,,,,,,
353,False,Carlos,Costa,45079216E,espanya,zaragoza,2001-06-21,dona,1591,grup_b,responsable_de_vendes,0,,,,10.9,sense_fills,25,18_29,baix,68.0,baix,3.5,0.0,0.0,0,0.5,4.0,4.0,1654.64,1591.0,24.33294117647059,0.0410965527244597
354,False,Camille,Martin,62719526V,frança,nice,2002-12-16,home,1887,grup_b,analista_junior,4,false,,,17.7,amb_fills,24,18_29,baix,75.0,mitja,3.5,1.5,0.0,1,0.5,6.5,6.5,2009.655,377.4,26.7954,0.1865991923986953
358,False,Laia,Ribera,52445278T,espanya,tarragona,1984-09-15,dona,1800,grup_b,tecnic_it,,true,,,15.1,,42,30_44,baix,67.0,baix,3.5,,1.0,0,0.5,,,,,,
360,False,Núria,Martínez Roca,85062345R,espanya,tarragona,1964-11-02,home,1916,grup_b,cap_de_projecte,1,,,,16.1,amb_fills,62,60_mes,baix,67.0,baix,3.5,1.5,1.5,0,0.5,7.0,7.0,2050.1200000000003,958.0,30.598805970149257,0.06536202758862894
361,False,lise,Fournier Martin,24496399A,frança,lille,1979-10-07,home,1265,grup_b,analista,1,,,,14.6,amb_fills,47,45_59,baix,71.0,mitja,3.5,1.5,2.0,1,0.5,8.5,8.5,1372.5249999999999,632.5,19.33133802816901,0.10345895338882717
362,False,Hugo,Navarro Pérez,88453254J,espanya,girona,1961-03-10,home,1807,grup_b,administratiu,,true,,,13.8,,65,60_mes,baix,66.0,baix,3.5,,1.5,0,0.5,,,,,,
367,False,Laia,Roca,75631212Y,espanya,sevilla,1990-10-29,home,1893,grup_b,analista_junior,,false,,,22.2,,36,30_44,baix,65.0,baix,3.5,,1.0,0,0.5,,,,,,
370,False,David,Roca Hernández,58350177R,espanya,las_palmas_de_gran_canaria,,dona,2273,grup_b,cap_de_projecte,,,,,-5.0,,,,baix,62.0,baix,3.5,,,0,0.5,,,,,,
371,True,Alba,Muñoz,97954019T,espanya,bilbao,1983-10-25,dona,1409,grup_b,responsable_de_vendes,0,,,,14.7,sense_fills,43,30_44,baix,72.0,mitja,3.5,0.0,1.0,1,0.5,6.0,6.0,1493.54,1409.0,20.74361111111111,0.04820761412483094
373,False,Marta,Moreno Romero,50216625X,espanya,murcia,1983-12-18,no_consta,1087,grup_b,analista,,,,,42.0,,43,30_44,baix,60.0,baix,3.5,,1.0,0,0.5,,,,,,
378,False,Valentina,Mancini,24123001Q,italia,napoli,1981-02-25,home,1277,grup_b,administratiu,1,,,,17.7,amb_fills,45,45_59,baix,65.0,baix,3.5,1.5,2.0,0,0.5,7.5,7.5,1372.7749999999999,638.5,21.119615384615383,0.09469869425069659
380,False,David,Ferrer López,30601948Z,espanya,madrid,1958-11-09,dona,1215,grup_b,administratiu,0,,,,18.7,sense_fills,68,60_mes,baix,75.0,mitja,3.5,0.0,1.5,1,0.5,6.5,6.5,1293.975,1215.0,17.253,0.05796093433026141
381,False,Marina,Álvarez,60653170Y,espanya,alacant,1996-01-02,home,1725,grup_b,administratiu,0,true,6140,13.3,18.9,sense_fills,30,30_44,alt,68.0,baix,3.5,0.0,1.0,0,-0.5,4.0,4.0,1794.0,1725.0,26.38235294117647,0.0379041248606466
383,False,Pau,Ribera Díaz,81965066H,espanya,barcelona,1989-02-23,dona,,grup_b,analista_dades,0,,,,13.4,sense_fills,37,30_44,baix,78.0,mitja,3.5,0.0,1.0,1,0.5,6.0,6.0,,,,
384,False,Guillem,Torres García,78588767C,espanya,murcia,1995-08-13,dona,1390,grup_b,analista_senior,0,,,,15.6,sense_fills,31,30_44,baix,60.0,baix,3.5,0.0,1.0,0,0.5,5.0,5.0,1459.5,1390.0,24.325,0.041109969167523124
386,False,Paolo,Russo,39855935L,italia,napoli,1973-11-23,dona,1459,grup_b,tecnic_it,4,true,,,17.4,amb_fills,53,45_59,baix,65.0,baix,3.5,1.5,2.0,0,0.5,7.5,7.5,1568.425,291.8,24.129615384615384,0.2072142435883131
387,False,Carlos,Ruiz,36512868F,espanya,alacant,1987-05-06,dona,1556,grup_b,tecnic_it,0,false,,,17.3,sense_fills,39,30_44,baix,68.0,baix,3.5,0.0,1.0,0,0.5,5.0,5.0,1633.8000000000002,1556.0,24.0264705882353,0.041620761415105886
389,False,Xavier,Romero,51313669C,espanya,zaragoza,,dona,1079,grup_b,analista_junior,0,false,,,11.6,sense_fills,,,baix,68.0,baix,3.5,0.0,,0,0.5,,,,1079.0,,
396,False,Elias,Hansen,18718099Y,noruega,trondheim,2000-11-02,dona,1278,grup_b,analista_dades,2,false,,,4.0,amb_fills,26,18_29,baix,87.5,alt,3.5,1.5,0.0,2,0.5,7.5,7.5,1373.85,426.0,15.701142857142855,0.1910688939840594
398,False,Léa,Richard,13922081M,frança,toulouse,1963-02-14,home,1390,grup_b,administratiu,0,,,,13.3,sense_fills,63,60_mes,baix,75.0,mitja,3.5,0.0,1.5,1,0.5,6.5,6.5,1480.35,1390.0,19.738,0.050663694396595405
400,False,Alejandro,Vila Álvarez,89196483V,espanya,malaga,1958-05-02,home,2002,grup_b,analista_senior,0,,,,18.6,sense_fills,68,60_mes,baix,68.35714285714286,baix,3.5,0.0,1.5,0,0.5,5.5,5.5,2112.1099999999997,2002.0,30.898160919540224,0.03236438578347855
401,False,David,Vila,71174364G,espanya,barcelona,1976-04-16,dona,1511,grup_b,cap_de_projecte,0,,,,17.7,sense_fills,50,45_59,baix,78.0,mitja,3.5,0.0,2.0,1,0.5,7.0,7.0,1616.77,1511.0,20.72782051282051,0.04824433902162954
405,False,Noa,Ferrer Martínez,90014633M,espanya,valencia,1983-08-10,home,2130,grup_b,analista_dades,,,,,16.3,,43,30_44,baix,70.0,mitja,3.5,,1.0,1,0.5,,,,,,
405,False,Noa,Ferrer Martínez,90014633M,espanya,valencia,1983-08-10,home,2130,grup_b,analista_dades,,,,,16.3,,43,30_44,baix,55.0,baix,3.5,,1.0,0,0.5,,,,,,
406,False,Ole,Johnsen,67429121A,noruega,oslo,1971-09-13,dona,1778,grup_b,analista_senior,0,false,,,6.9,sense_fills,55,45_59,baix,90.0,alt,3.5,0.0,2.0,2,0.5,8.0,8.0,1920.2400000000002,1778.0,21.336000000000002,0.04686914135733033
409,False,Gabriele,Lombardi,14930347Y,italia,firenze,2000-01-08,no_consta,1432,grup_b,analista_dades,3,,,,10.5,amb_fills,26,18_29,baix,77.0,mitja,3.5,1.5,0.0,1,0.5,6.5,6.5,1525.08,358.0,19.806233766233767,0.20195661866918457
416,False,Oriol,Álvarez Sánchez,82359410A,espanya,zaragoza,2001-04-27,dona,1761,grup_b,cap_de_projecte,,false,,,38.0,,25,18_29,baix,68.0,baix,3.5,,0.0,0,0.5,,,,,,
417,False,Luca,Gallo Costa,56938851M,italia,venezia,1980-02-01,no_consta,1377,grup_b,tecnic_it,1,false,,,15.5,amb_fills,46,45_59,baix,79.0,mitja,3.5,1.5,2.0,1,0.5,8.5,8.5,1494.0449999999998,688.5,18.911962025316452,0.10575317343185782
420,False,Gabriele,Rossi Greco,92894635G,italia,genova,1963-07-08,dona,1616,grup_b,analista_dades,0,true,,,17.7,sense_fills,63,60_mes,baix,72.0,mitja,3.5,0.0,1.5,1,0.5,6.5,6.5,1721.04,1616.0,23.903333333333332,0.0418351694324362
424,False,Xavier,Sánchez Gil,37111862V,espanya,palma,1977-12-16,dona,1753,grup_b,analista_dades,,false,,,20.4,,49,45_59,baix,73.0,mitja,3.5,,2.0,1,0.5,,,,,,
426,False,David,Pujol Costa,86758847Y,espanya,zaragoza,1969-01-06,dona,1644,grup_b,analista,,true,21422,9.8,16.7,,57,45_59,alt,68.0,baix,3.5,,2.0,0,-0.5,,,,,,
428,False,Lucía,Hernández,61268618C,espanya,bilbao,1995-02-24,dona,2290,grup_b,cap_de_projecte,0,true,,,15.0,sense_fills,31,30_44,baix,72.0,mitja,3.5,0.0,1.0,1,0.5,6.0,6.0,2427.4,2290.0,33.71388888888889,0.029661366070692922
429,False,Lucía,Navarro Vila,34213769C,espanya,palma,1994-08-31,dona,1643,grup_b,cap_de_projecte,2,true,,,22.3,amb_fills,32,30_44,baix,73.0,mitja,3.5,1.5,1.0,1,0.5,7.5,7.5,1766.225,547.6666666666666,24.19486301369863,0.12399326246656005
430,False,Marina,Domènech Martínez,94206105L,espanya,barcelona,1963-05-05,no_consta,1056,grup_b,analista,0,false,,,-5.0,sense_fills,63,60_mes,baix,78.0,mitja,3.5,0.0,1.5,1,0.5,6.5,6.5,1124.6399999999999,1056.0,14.418461538461537,0.06935552710200599
438,False,Antoine,Richard Dubois,63741103L,frança,toulouse,1966-12-07,dona,1729,grup_b,analista,,,,,14.4,,60,60_mes,baix,75.0,mitja,3.5,,1.5,1,0.5,,,,,,
440,False,Nil,Fernández,21413788H,espanya,alacant,1960-04-09,home,1557,grup_b,analista,3,false,,,-5.0,amb_fills,66,60_mes,baix,68.0,baix,3.5,1.5,1.5,0,0.5,7.0,7.0,1665.99,389.25,24.49985294117647,0.16326628611216154
441,False,Marco,Conti Rizzo,61286168S,italia,torino,1967-01-19,home,1376,grup_b,analista,0,true,,,13.6,sense_fills,59,45_59,baix,74.0,mitja,3.5,0.0,2.0,1,0.5,7.0,7.0,1472.3200000000002,1376.0,19.896216216216217,0.05026081286676809
442,False,Núria,Casals Díaz,62027391F,espanya,malaga,1985-01-29,dona,2121,grup_b,analista_senior,,true,11346,11.6,,,41,30_44,alt,68.35714285714286,baix,3.5,,1.0,0,-0.5,,,,,,
443,False,Marta,López Serra,69330327C,espanya,malaga,1974-08-09,dona,1909,grup_b,analista_dades,,,,,,,52,45_59,baix,68.35714285714286,baix,3.5,,2.0,0,0.5,,,,,,
444,False,Davide,Ferrari,93297363C,italia,firenze,1974-11-02,dona,1435,grup_b,analista,1,true,,,16.1,amb_fills,52,45_59,baix,77.0,mitja,3.5,1.5,2.0,1,0.5,8.5,8.5,1556.975,717.5,20.220454545454544,0.09890974485781724
447,False,Martina,Romano,49849912M,italia,napoli,1985-06-25,home,2040,grup_b,analista_senior,0,false,,,15.1,sense_fills,41,30_44,baix,65.0,baix,3.5,0.0,1.0,0,0.5,5.0,5.0,2142.0,2040.0,32.95384615384615,0.03034547152194211
449,False,Marc,Pérez,39343051Y,espanya,murcia,1995-02-02,home,1525,grup_b,tecnic_it,2,,,,,amb_fills,31,30_44,baix,60.0,baix,3.5,1.5,1.0,0,0.5,6.5,6.5,1624.125,508.3333333333333,27.06875,0.11082890787347033
455,False,Xavier,López,95156202C,espanya,las_palmas_de_gran_canaria,2004-03-15,dona,1310,grup_b,administratiu,,,,,21.9,,22,18_29,baix,62.0,baix,3.5,,0.0,0,0.5,,,,,,
457,False,Anna,Moreno,11361006M,espanya,zaragoza,1968-03-10,dona,2000,grup_b,analista,3,true,3936,12.9,,amb_fills,58,45_59,mitja,68.0,baix,3.5,1.5,2.0,0,0.0,7.0,7.0,2140.0,500.0,31.470588235294116,0.12710280373831775
460,False,Hugo,Bernard,96583583Q,frança,nice,1984-05-20,home,1207,grup_b,cap_de_projecte,0,true,,,14.6,sense_fills,42,30_44,baix,75.0,mitja,3.5,0.0,1.0,1,0.5,6.0,6.0,1279.42,1207.0,17.058933333333336,0.05862031232902409
462,False,Alba,Moreno Martínez,66537506A,espanya,malaga,1989-01-09,dona,1701,grup_b,analista_junior,1,,,,18.2,amb_fills,37,30_44,baix,68.35714285714286,baix,3.5,1.5,1.0,0,0.5,6.5,6.5,1811.5649999999998,850.5,26.501473354231972,0.07546750225042201
465,False,Martina,Conti,32862463G,italia,milano,1982-05-23,dona,1498,grup_b,responsable_de_vendes,,,,,10.6,,44,30_44,baix,80.0,alt,3.5,,1.0,2,0.5,,,,,,
471,False,Carmen,Gómez López,11709239K,espanya,girona,1979-08-05,no_consta,2000,grup_b,responsable_de_vendes,1,false,,,14.8,amb_fills,47,45_59,baix,66.0,baix,3.5,1.5,2.0,0,0.5,7.5,7.5,2150.0,1000.0,32.57575757575758,0.061395348837209304
472,False,Jordi,Vidal,32455261G,espanya,murcia,1972-09-17,dona,1463,grup_b,analista_junior,1,false,,,15.6,amb_fills,54,45_59,baix,60.0,baix,3.5,1.5,2.0,0,0.5,7.5,7.5,1572.725,731.5,26.212083333333332,0.07630068829579234
473,False,Erik,Hagen,86904329H,noruega,oslo,1972-01-19,dona,1397,grup_b,responsable_de_vendes,,true,8516,25.0,8.6,,54,45_59,alt,90.0,alt,3.5,,2.0,2,-0.5,,,,,,
479,False,Hugo,Puig Ruiz,82916404H,espanya,valencia,1981-03-20,dona,1579,grup_b,cap_de_projecte,,true,5584,,17.2,,45,45_59,baix,70.0,mitja,3.5,,2.0,1,0.5,,,,,,
479,False,Hugo,Puig Ruiz,82916404H,espanya,valencia,1981-03-20,dona,1579,grup_b,cap_de_projecte,,true,5584,,17.2,,45,45_59,baix,55.0,baix,3.5,,2.0,0,0.5,,,,,,
480,False,Lars,Andersen Karlsen,15087753F,noruega,oslo,1982-04-21,dona,1546,grup_b,cap_de_projecte,0,false,,,5.8,sense_fills,44,30_44,baix,90.0,alt,3.5,0.0,1.0,2,0.5,7.0,7.0,1654.22,1546.0,18.380222222222223,0.05440630629541415
481,False,Alejandro,Costa,73584629T,espanya,barcelona,1973-04-04,no_consta,1367,grup_b,responsable_de_vendes,0,,,,13.5,sense_fills,53,45_59,baix,78.0,mitja,3.5,0.0,2.0,1,0.5,7.0,7.0,1462.69,1367.0,18.7524358974359,0.053326405458436164
483,False,Federico,Esposito,71348545A,italia,genova,1967-01-10,dona,1341,grup_b,tecnic_it,,false,,,13.2,,59,45_59,baix,72.0,mitja,3.5,,2.0,1,0.5,,,,,,
484,False,Marta,Ramos,62428709Q,espanya,valencia,1980-12-17,dona,1532,grup_b,analista_junior,2,,,,17.4,amb_fills,46,45_59,baix,70.0,mitja,3.5,1.5,2.0,1,0.5,8.5,8.5,1662.22,510.6666666666667,23.746,0.1263370672955445
484,False,Marta,Ramos,62428709Q,espanya,valencia,1980-12-17,dona,1532,grup_b,analista_junior,2,,,,17.4,amb_fills,46,45_59,baix,55.0,baix,3.5,1.5,2.0,0,0.5,7.5,7.5,1646.8999999999999,510.6666666666667,29.94363636363636,0.10018823243669926
487,False,Núria,Soler Fernández,35809507W,espanya,palma,1985-09-26,dona,1711,grup_b,analista,0,false,,,,sense_fills,41,30_44,baix,73.0,mitja,3.5,0.0,1.0,1,0.5,6.0,6.0,1813.66,1711.0,24.844657534246576,0.04025010200368316
488,False,Noa,Ramos,57258874B,espanya,girona,1994-08-17,home,1799,grup_b,analista_dades,0,,,,16.0,sense_fills,32,30_44,baix,66.0,baix,3.5,0.0,1.0,0,0.5,5.0,5.0,1888.95,1799.0,28.620454545454546,0.03494004605733344
492,False,Marina,Ribera,68589370R,espanya,palma,1980-04-11,dona,1385,grup_b,analista_senior,0,true,18378,,18.6,sense_fills,46,45_59,baix,73.0,mitja,3.5,0.0,2.0,1,0.5,7.0,7.0,1481.95,1385.0,20.30068493150685,0.04925942170788488
494,False,Anna,Hernández Gil,65141186E,espanya,las_palmas_de_gran_canaria,1961-06-29,dona,1428,grup_b,responsable_de_vendes,0,,,,23.4,sense_fills,65,60_mes,baix,62.0,baix,3.5,0.0,1.5,0,0.5,5.5,5.5,1506.54,1428.0,24.299032258064514,0.04115390231922153
495,False,Riccardo,Costa,88952257N,italia,napoli,1960-05-09,dona,1438,grup_b,cap_de_projecte,0,false,,,13.0,sense_fills,66,60_mes,baix,65.0,baix,3.5,0.0,1.5,0,0.5,5.5,5.5,1517.09,1438.0,23.339846153846153,0.04284518387175448
496,False,Paul,Bernard,91703604X,frança,lille,1980-01-30,dona,2135,grup_b,cap_de_projecte,1,false,,,38.0,amb_fills,46,45_59,baix,71.0,mitja,3.5,1.5,2.0,1,0.5,8.5,8.5,2316.475,1067.5,32.626408450704226,0.061300035614457314
498,False,Aina,Casals,86294869K,espanya,valladolid,1958-02-10,home,1342,grup_b,administratiu,,false,,,11.1,,68,60_mes,baix,64.0,baix,3.5,,1.5,0,0.5,,,,,,
500,False,Erik,Bakke,79291785G,noruega,oslo,1961-12-07,dona,1906,grup_b,responsable_de_vendes,1,,,,7.1,amb_fills,65,60_mes,baix,90.0,alt,3.5,1.5,1.5,2,0.5,9.0,9.0,2077.54,953.0,23.083777777777776,0.08664093110120624
502,False,Chiara,De Luca,97135770W,italia,firenze,2004-03-13,home,1421,grup_b,analista_junior,,true,,,14.3,,22,18_29,baix,77.0,mitja,3.5,,0.0,1,0.5,,,,,,
505,False,Jordi,Gómez Hernández,23555369G,espanya,palma,2003-08-24,home,1244,grup_b,analista,1,false,,,21.4,amb_fills,23,18_29,baix,73.0,mitja,3.5,1.5,0.0,1,0.5,6.5,6.5,1324.86,622.0,18.14876712328767,0.11020032305300184
506,False,Marco,Conti,24464884R,italia,bologna,1995-10-20,home,1527,grup_b,analista_junior,,false,,,14.0,,31,30_44,baix,75.0,mitja,3.5,,1.0,1,0.5,,,,,,
512,False,Carlos,Roca,19027654S,espanya,valencia,,dona,1470,grup_b,analista_senior,0,false,,,-10.0,sense_fills,,,baix,70.0,mitja,3.5,0.0,,1,0.5,,,,1470.0,,
512,False,Carlos,Roca,19027654S,espanya,valencia,,dona,1470,grup_b,analista_senior,0,false,,,-10.0,sense_fills,,,baix,55.0,baix,3.5,0.0,,0,0.5,,,,1470.0,,
515,False,Laia,Díaz Ruiz,93924534A,espanya,murcia,1968-09-07,dona,1212,grup_b,analista,3,,,,17.1,amb_fills,58,45_59,baix,60.0,baix,3.5,1.5,2.0,0,0.5,7.5,7.5,1302.8999999999999,303.0,21.714999999999996,0.18420446695832376
516,False,Paolo,Colombo,48948304M,italia,firenze,1983-12-08,home,1409,grup_b,administratiu,0,,,,15.7,sense_fills,43,30_44,baix,77.0,mitja,3.5,0.0,1.0,1,0.5,6.0,6.0,1493.54,1409.0,19.396623376623378,0.05155536510572198
518,False,Lena,Schwarz,91294547D,alemanya,berlin,1995-07-07,dona,1109,grup_b,administratiu,3,,,,7.6,amb_fills,31,30_44,baix,76.0,mitja,3.5,1.5,1.0,1,0.5,7.5,7.5,1192.175,277.25,15.686513157894737,0.25499612053599513
520,False,Felix,Zimmermann Schäfer,85280767M,alemanya,stuttgart,1998-02-04,dona,2099,grup_b,analista_senior,1,,,,10.2,amb_fills,28,18_29,baix,79.0,mitja,3.5,1.5,0.0,1,0.5,6.5,6.5,2235.435,1049.5,28.296645569620253,0.07067975584170419
521,False,Laia,Pujol,53143346E,espanya,sevilla,1979-03-02,dona,1619,grup_b,tecnic_it,,false,,,17.4,,47,45_59,baix,65.0,baix,3.5,,2.0,0,0.5,,,,,,
525,False,Carmen,Muñoz,88446018D,espanya,alacant,,no_consta,1497,grup_b,administratiu,0,true,,,19.4,sense_fills,,,baix,68.0,baix,3.5,0.0,,0,0.5,,,,1497.0,,
528,False,Alba,Hernández,43626780K,espanya,valladolid,1993-08-16,home,1664,grup_b,analista_junior,3,,,,10.2,amb_fills,33,30_44,baix,64.0,baix,3.5,1.5,1.0,0,0.5,6.5,6.5,1772.1599999999999,416.0,27.689999999999998,0.1444564824846515
530,False,Luca,Barbieri,70999369S,italia,bologna,1988-10-21,dona,2066,grup_b,analista_dades,3,,,,13.3,amb_fills,38,30_44,baix,75.0,mitja,3.5,1.5,1.0,1,0.5,7.5,7.5,2220.95,516.5,29.612666666666666,0.13507733177243975
531,False,Chloé,Michel,18365183X,frança,marseille,1986-11-23,home,1380,grup_b,analista_junior,,false,,,15.1,,40,30_44,baix,72.0,mitja,3.5,,1.0,1,0.5,,,,,,
532,False,Emil,Pedersen,62627379H,noruega,troms,1990-03-15,home,1303,grup_b,responsable_de_vendes,1,true,,,2.6,amb_fills,36,30_44,baix,87.5,alt,3.5,1.5,1.0,2,0.5,8.5,8.5,1413.7549999999999,651.5,16.1572,0.12378382392988885
533,False,David,Muñoz Navarro,72143529W,espanya,bilbao,2002-02-19,home,1420,grup_b,analista_junior,1,true,,,14.5,amb_fills,24,18_29,baix,72.0,mitja,3.5,1.5,0.0,1,0.5,6.5,6.5,1512.3,710.0,21.004166666666666,0.09521920253917873
534,False,Sofia,Greco Bianchi,35265855P,italia,napoli,1984-04-27,dona,1827,grup_b,analista_senior,3,false,,,11.1,amb_fills,42,30_44,baix,65.0,baix,3.5,1.5,1.0,0,0.5,6.5,6.5,1945.7549999999999,456.75,29.934692307692305,0.13362422298799181
535,False,Laia,Domènech,68230817B,espanya,valencia,1994-04-23,dona,2107,grup_b,cap_de_projecte,0,true,,,18.5,sense_fills,32,30_44,baix,70.0,mitja,3.5,0.0,1.0,1,0.5,6.0,6.0,2233.42,2107.0,31.906000000000002,0.03134206732276061
535,False,Laia,Domènech,68230817B,espanya,valencia,1994-04-23,dona,2107,grup_b,cap_de_projecte,0,true,,,18.5,sense_fills,32,30_44,baix,55.0,baix,3.5,0.0,1.0,0,0.5,5.0,5.0,2212.35,2107.0,40.224545454545456,0.024860442515876782
539,False,Astrid,Pettersen,30660064E,noruega,oslo,1977-11-14,home,1329,grup_b,analista_junior,1,,,,9.4,amb_fills,49,45_59,baix,90.0,alt,3.5,1.5,2.0,2,0.5,9.5,9.5,1455.2549999999999,664.5,16.1695,0.12368966263644517
545,False,Luca,Lombardi,26918765G,italia,firenze,1963-09-04,dona,1800,grup_b,responsable_de_vendes,,false,,,12.8,,63,60_mes,baix,77.0,mitja,3.5,,1.5,1,0.5,,,,,,
547,False,Aina,Ferrer,91151067N,espanya,zaragoza,1990-11-02,dona,1450,grup_b,analista_dades,4,false,,,12.8,amb_fills,36,30_44,baix,68.0,baix,3.5,1.5,1.0,0,0.5,6.5,6.5,1544.25,290.0,22.709558823529413,0.22017160433867572
548,False,Alessandro,Rossi,91781029Z,italia,napoli,1997-05-24,dona,1649,grup_b,tecnic_it,0,false,,,15.4,sense_fills,29,18_29,baix,65.0,baix,3.5,0.0,0.0,0,0.5,4.0,4.0,1714.96,1649.0,26.384,0.03790175864160097
551,False,Adrià,Ribera,99152055K,espanya,sevilla,1981-11-04,home,1698,grup_b,cap_de_projecte,4,false,,,,amb_fills,45,45_59,baix,65.0,baix,3.5,1.5,2.0,0,0.5,7.5,7.5,1825.35,339.6,28.08230769230769,0.17804804558029969
555,False,Katharina,Schwarz,63471904R,alemanya,munchen,2004-01-10,dona,1687,grup_b,administratiu,0,false,,,12.1,sense_fills,22,18_29,baix,82.0,alt,3.5,0.0,0.0,2,0.5,6.0,6.0,1788.22,1687.0,21.807560975609757,0.04585565534442071
559,False,David,Vila Casals,42842037P,espanya,girona,1994-09-08,dona,1940,grup_b,analista_dades,0,,,,16.1,sense_fills,32,30_44,baix,66.0,baix,3.5,0.0,1.0,0,0.5,5.0,5.0,2037.0,1940.0,30.863636363636363,0.03240058910162003
560,False,Carlos,Ferrer,18169177Y,espanya,girona,1966-09-10,dona,2050,grup_b,analista_senior,0,,,,14.9,sense_fills,60,60_mes,baix,66.0,baix,3.5,0.0,1.5,0,0.5,5.5,5.5,2162.75,2050.0,32.76893939393939,0.030516703271298115
561,False,Pau,Torres Gil,86414081T,espanya,palma,1996-08-10,home,1493,grup_b,tecnic_it,0,,,,20.6,sense_fills,30,30_44,baix,73.0,mitja,3.5,0.0,1.0,1,0.5,6.0,6.0,1582.5800000000002,1493.0,21.679178082191783,0.04612720999886261
563,False,Lucía,Torres Ribera,33997481W,espanya,tarragona,,home,1400,grup_b,tecnic_it,0,true,,,19.4,sense_fills,,,baix,67.0,baix,3.5,0.0,,0,0.5,,,,1400.0,,
568,False,Núria,Ruiz Gil,49113647E,espanya,madrid,1974-09-17,dona,1419,grup_b,analista,0,false,,,11.4,sense_fills,52,45_59,baix,75.0,mitja,3.5,0.0,2.0,1,0.5,7.0,7.0,1518.3300000000002,1419.0,20.244400000000002,0.049396376281835956
576,False,Lucía,Gómez,31793431T,espanya,zaragoza,,dona,1944,grup_b,responsable_de_vendes,3,true,,,15.5,amb_fills,,,baix,68.0,baix,3.5,1.5,,0,0.5,,,,486.0,,
577,False,Pol,Ramos Sánchez,18902088A,espanya,a_coruña,1972-02-14,dona,1747,grup_b,responsable_de_vendes,0,false,,,15.9,sense_fills,54,45_59,baix,69.0,baix,3.5,0.0,2.0,0,0.5,6.0,6.0,1851.8200000000002,1747.0,26.837971014492755,0.03726064088302319
583,False,David,Ruiz,23440304K,espanya,malaga,,dona,1899,grup_b,analista_dades,0,,,,19.1,sense_fills,,,baix,68.35714285714286,baix,3.5,0.0,,0,0.5,,,,1899.0,,
585,False,Clara,Richard,57030876W,frança,toulouse,1970-04-27,home,1758,grup_b,analista_senior,1,true,,,15.4,amb_fills,56,45_59,baix,75.0,mitja,3.5,1.5,2.0,1,0.5,8.5,8.5,1907.4299999999998,879.0,25.432399999999998,0.07863984523678458
587,False,Lars,Johnsen,42775624Q,noruega,oslo,1981-07-05,home,1429,grup_b,cap_de_projecte,,true,,,4.8,,45,45_59,baix,90.0,alt,3.5,,2.0,2,0.5,,,,,,
594,False,Marc,Costa,35801896J,espanya,barcelona,1993-09-19,dona,1900,grup_b,analista_dades,,,,,20.8,,33,30_44,baix,78.0,mitja,3.5,,1.0,1,0.5,,,,,,
597,False,Emil,Moen,14887763Y,noruega,stavanger,1989-03-26,home,1501,grup_b,analista_junior,,false,,,8.7,,37,30_44,baix,87.5,alt,3.5,,1.0,2,0.5,,,,,,
599,False,Lucía,Serra Hernández,36925055F,espanya,malaga,1969-05-13,no_consta,1688,grup_b,administratiu,0,,,,20.1,sense_fills,57,45_59,baix,68.35714285714286,baix,3.5,0.0,2.0,0,0.5,6.0,6.0,1789.2800000000002,1688.0,26.17546499477534,0.03820371482224294
609,False,Sergio,Vila,96454359R,espanya,valencia,,no_consta,1615,grup_b,tecnic_it,2,,,,20.0,amb_fills,,,baix,70.0,mitja,3.5,1.5,,1,0.5,,,,538.3333333333334,,
609,False,Sergio,Vila,96454359R,espanya,valencia,,no_consta,1615,grup_b,tecnic_it,2,,,,20.0,amb_fills,,,baix,55.0,baix,3.5,1.5,,0,0.5,,,,538.3333333333334,,
610,False,Alba,Ruiz,52621317R,espanya,madrid,1968-03-18,home,1602,grup_b,analista_junior,0,false,,,12.1,sense_fills,58,45_59,baix,75.0,mitja,3.5,0.0,2.0,1,0.5,7.0,7.0,1714.14,1602.0,22.8552,0.04375371906612062
611,False,Jordi,Vidal Álvarez,94327199R,espanya,zaragoza,1965-04-25,dona,1752,grup_b,analista_junior,,,,,15.0,,61,60_mes,baix,68.0,baix,3.5,,1.5,0,0.5,,,,,,
613,False,Paolo,Ricci,64464528J,italia,genova,1998-06-07,dona,1766,grup_b,tecnic_it,,false,,,15.9,,28,18_29,baix,72.0,mitja,3.5,,0.0,1,0.5,,,,,,
620,False,Luca,Ricci,46619501K,italia,torino,1985-06-02,home,1707,grup_b,responsable_de_vendes,0,true,,,15.0,sense_fills,41,30_44,baix,74.0,mitja,3.5,0.0,1.0,1,0.5,6.0,6.0,1809.42,1707.0,24.451621621621623,0.04089708304318511
623,False,Carlos,Martínez,73893558Y,espanya,sevilla,1998-09-07,dona,1470,grup_b,responsable_de_vendes,0,,,,21.6,sense_fills,28,18_29,baix,65.0,baix,3.5,0.0,0.0,0,0.5,4.0,4.0,1528.8,1470.0,23.52,0.04251700680272109
628,False,Víctor,Domènech,22730042T,espanya,zaragoza,1995-03-07,home,1579,grup_b,tecnic_it,0,,,,11.8,sense_fills,31,30_44,baix,68.0,baix,3.5,0.0,1.0,0,0.5,5.0,5.0,1657.95,1579.0,24.381617647058825,0.041014505865677495
631,False,Chiara,Bianchi,89568937L,italia,firenze,1994-04-23,home,1815,grup_b,analista_senior,,true,,,-5.0,,32,30_44,baix,77.0,mitja,3.5,,1.0,1,0.5,,,,,,
635,False,Jordi,Roca Moreno,14635073C,espanya,las_palmas_de_gran_canaria,1978-10-27,home,2125,grup_b,cap_de_projecte,2,true,11169,13.7,18.4,amb_fills,48,45_59,alt,62.0,baix,3.5,1.5,2.0,0,-0.5,6.5,6.5,2263.125,708.3333333333334,36.502016129032256,0.08218724109362055
638,False,Laia,Fernández,56893195E,espanya,madrid,1995-08-01,dona,1511,grup_b,analista_junior,2,true,,,14.8,amb_fills,31,30_44,baix,75.0,mitja,3.5,1.5,1.0,1,0.5,7.5,7.5,1624.325,503.6666666666667,21.657666666666668,0.13851907715512596
639,False,Sergio,Ribera Sánchez,90982662C,espanya,sevilla,1986-01-15,dona,1285,grup_b,tecnic_it,0,,,,19.5,sense_fills,40,30_44,baix,65.0,baix,3.5,0.0,1.0,0,0.5,5.0,5.0,1349.25,1285.0,20.75769230769231,0.04817491198814156
640,False,Guillem,Fernández,96950282C,espanya,girona,1981-08-02,home,1747,grup_b,analista_senior,2,false,,,,amb_fills,45,45_59,baix,66.0,baix,3.5,1.5,2.0,0,0.5,7.5,7.5,1878.0249999999999,582.3333333333334,28.45492424242424,0.1054299064176462
642,False,Pol,Ribera Hernández,14696647A,espanya,zaragoza,1959-05-25,dona,1610,grup_b,cap_de_projecte,0,false,,,14.0,sense_fills,67,60_mes,baix,68.0,baix,3.5,0.0,1.5,0,0.5,5.5,5.5,1698.55,1610.0,24.978676470588233,0.04003414677224692
645,False,Sigrid,Hansen,23656928V,noruega,stavanger,2003-02-19,home,1524,grup_b,analista_dades,,,,,8.1,,23,18_29,baix,87.5,alt,3.5,,0.0,2,0.5,,,,,,
646,False,Luca,Conti,55855470V,italia,torino,1998-03-20,home,1800,grup_b,analista_dades,,false,,,38.0,,28,18_29,baix,74.0,mitja,3.5,,0.0,1,0.5,,,,,,
652,False,Oriol,Gómez,16618423V,espanya,madrid,1968-01-10,home,1731,grup_b,analista_dades,4,,,,,amb_fills,58,45_59,baix,75.0,mitja,3.5,1.5,2.0,1,0.5,8.5,8.5,1878.135,346.2,25.0418,0.19966615818351716
653,False,Víctor,Serra,91229370H,espanya,palma,1968-03-05,dona,1557,grup_b,analista,,true,29434,,15.7,,58,45_59,baix,73.0,mitja,3.5,,2.0,1,0.5,,,,,,
656,False,Noa,Gil,78433310G,espanya,valladolid,2000-03-28,no_consta,1238,grup_b,analista_junior,,false,,,17.1,,26,18_29,baix,64.0,baix,3.5,,0.0,0,0.5,,,,,,
657,False,Marc,Moreno,60154780N,espanya,barcelona,2000-12-30,dona,1585,grup_b,responsable_de_vendes,,,,,16.1,,26,18_29,baix,78.0,mitja,3.5,,0.0,1,0.5,,,,,,
658,False,Valentina,Ferrari Rossi,29537240C,italia,bologna,1993-02-23,dona,1478,grup_b,analista,,,,,12.7,,33,30_44,baix,75.0,mitja,3.5,,1.0,1,0.5,,,,,,
665,False,Lucas,Michel,41162770A,frança,toulouse,1982-08-07,home,1619,grup_b,analista_junior,0,false,,,14.0,sense_fills,44,30_44,baix,75.0,mitja,3.5,0.0,1.0,1,0.5,6.0,6.0,1716.14,1619.0,22.881866666666667,0.04370272821564674
666,False,Sergio,García,60057985G,espanya,malaga,1986-10-07,home,1851,grup_b,analista_junior,2,false,,,18.5,amb_fills,40,30_44,baix,68.35714285714286,baix,3.5,1.5,1.0,0,0.5,6.5,6.5,1971.3149999999998,617.0,28.838463949843256,0.10402773203238884
668,False,Ben,Richter Becker,84198784R,alemanya,koln,1968-02-20,dona,1939,grup_b,cap_de_projecte,,true,,,9.5,,58,45_59,baix,77.5,mitja,3.5,,2.0,1,0.5,,,,,,
673,False,Alejandro,Navarro,50530014N,espanya,tarragona,1966-11-26,dona,1947,grup_b,analista_senior,,true,,,-5.0,,60,60_mes,baix,67.0,baix,3.5,,1.5,0,0.5,,,,,,
674,False,Marie,Richter,57617011Q,alemanya,stuttgart,1962-10-10,dona,1306,grup_b,responsable_de_vendes,1,true,,,13.1,amb_fills,64,60_mes,baix,79.0,mitja,3.5,1.5,1.5,1,0.5,8.0,8.0,1410.48,653.0,17.854177215189875,0.11201860359593897
679,False,Nil,López Costa,52138595R,espanya,malaga,2000-02-25,dona,1669,grup_b,tecnic_it,,true,,,22.9,,26,18_29,baix,68.35714285714286,baix,3.5,,0.0,0,0.5,,,,,,
685,False,Alessia,Barbieri,22511284S,italia,genova,1968-05-14,dona,1382,grup_b,administratiu,0,false,,,16.5,sense_fills,58,45_59,baix,72.0,mitja,3.5,0.0,2.0,1,0.5,7.0,7.0,1478.74,1382.0,20.538055555555555,0.04869010103195964
686,False,Sergio,García Pujol,29838164X,espanya,malaga,1990-04-07,dona,2149,grup_b,cap_de_projecte,,,,,21.1,,36,30_44,baix,68.35714285714286,baix,3.5,,1.0,0,0.5,,,,,,
688,False,Noa,Vila Ruiz,45616810T,espanya,alacant,1995-05-13,dona,1724,grup_b,analista_senior,1,false,,,38.0,amb_fills,31,30_44,baix,68.0,baix,3.5,1.5,1.0,0,0.5,6.5,6.5,1836.06,862.0,27.000882352941176,0.07407165343180507
693,False,Alexia,Torres,36724504R,espanya,alacant,1978-11-12,home,1192,grup_b,analista,,false,,,17.0,,48,45_59,baix,68.0,baix,3.5,,2.0,0,0.5,,,,,,
696,False,Aina,Díaz,83677009H,espanya,barcelona,1992-02-26,dona,2242,grup_b,cap_de_projecte,1,false,0,,18.7,amb_fills,34,30_44,baix,78.0,mitja,3.5,1.5,1.0,1,0.5,7.5,7.5,2410.15,1121.0,30.899358974358975,0.06472626185092215
697,False,Jordi,Sánchez,24346658P,espanya,a_coruña,1981-07-18,home,1895,grup_b,analista_dades,1,true,,,15.9,amb_fills,45,45_59,baix,69.0,baix,3.5,1.5,2.0,0,0.5,7.5,7.5,2037.125,947.5,29.52355072463768,0.06774252929987114
698,False,Claudia,Ribera Casals,41931968R,espanya,valladolid,1970-08-18,dona,1630,grup_b,tecnic_it,2,,,,9.2,amb_fills,56,45_59,baix,64.0,baix,3.5,1.5,2.0,0,0.5,7.5,7.5,1752.25,543.3333333333334,27.37890625,0.10957340562134399
699,False,Carmen,Costa,91236074S,espanya,bilbao,1984-05-21,dona,1570,grup_b,analista,2,,,,15.3,amb_fills,42,30_44,baix,72.0,mitja,3.5,1.5,1.0,1,0.5,7.5,7.5,1687.75,523.3333333333334,23.44097222222222,0.12798103984594875
700,False,Sofia,Russo Ricci,62978256G,italia,napoli,2004-02-22,dona,2060,grup_b,analista_senior,0,false,,,16.6,sense_fills,22,18_29,baix,65.0,baix,3.5,0.0,0.0,0,0.5,4.0,4.0,2142.4,2060.0,32.96,0.03033980582524272
701,False,Marta,Moreno,69513720K,espanya,murcia,1991-11-09,dona,1555,grup_b,analista_senior,2,false,,,19.5,amb_fills,35,30_44,baix,60.0,baix,3.5,1.5,1.0,0,0.5,6.5,6.5,1656.0749999999998,518.3333333333334,27.601249999999997,0.10869072958652236
708,False,Xavier,Muñoz,23087728C,espanya,malaga,1968-01-24,home,1286,grup_b,analista,1,true,,,18.9,amb_fills,58,45_59,baix,68.35714285714286,baix,3.5,1.5,2.0,0,0.5,7.5,7.5,1382.45,643.0,20.2239289446186,0.098892752514945
713,False,Emma,Leroy Robert,37554949G,frança,lyon,1960-07-16,home,1608,grup_b,analista_senior,,,,,13.8,,66,60_mes,baix,74.0,mitja,3.5,,1.5,1,0.5,,,,,,
716,False,Oriol,Díaz,48785862Q,espanya,las_palmas_de_gran_canaria,1962-03-06,home,1540,grup_b,analista,0,true,,,20.0,sense_fills,64,60_mes,baix,62.0,baix,3.5,0.0,1.5,0,0.5,5.5,5.5,1624.6999999999998,1540.0,26.204838709677418,0.038160891241459965
719,False,Carlos,Álvarez,45943432F,espanya,las_palmas_de_gran_canaria,1999-02-13,no_consta,1491,grup_b,analista_dades,0,,,,24.0,sense_fills,27,18_29,baix,62.0,baix,3.5,0.0,0.0,0,0.5,4.0,4.0,1550.64,1491.0,25.010322580645163,0.03998349068771604
720,False,Nil,Gómez Ribera,80910050J,espanya,zaragoza,2003-03-12,dona,1538,grup_b,analista_senior,,,,,17.7,,23,18_29,baix,68.0,baix,3.5,,0.0,0,0.5,,,,,,
723,False,Astrid,Hansen Bakke,67325876K,noruega,bergen,1967-07-31,home,1800,grup_b,analista_dades,0,,,,6.2,sense_fills,59,45_59,baix,85.0,alt,3.5,0.0,2.0,2,0.5,8.0,8.0,1944.0000000000002,1800.0,22.87058823529412,0.04372427983539094
726,False,Xavier,Romero,59379352L,espanya,girona,2001-04-13,dona,1165,grup_b,administratiu,,false,,,14.2,,25,18_29,baix,66.0,baix,3.5,,0.0,0,0.5,,,,,,
728,False,Claudia,Gil Ferrer,55297384F,espanya,valencia,1981-11-01,home,1789,grup_b,responsable_de_vendes,0,true,29952,9.2,20.3,sense_fills,45,45_59,alt,70.0,mitja,3.5,0.0,2.0,1,-0.5,6.0,6.0,1896.3400000000001,1789.0,27.09057142857143,0.03691321176582258
728,False,Claudia,Gil Ferrer,55297384F,espanya,valencia,1981-11-01,home,1789,grup_b,responsable_de_vendes,0,true,29952,9.2,20.3,sense_fills,45,45_59,alt,55.0,baix,3.5,0.0,2.0,0,-0.5,5.0,5.0,1878.45,1789.0,34.153636363636366,0.029279459128536824
730,False,Adrià,Pujol,45404362D,espanya,palma,1997-04-17,dona,1572,grup_b,analista,0,true,,,14.0,sense_fills,29,18_29,baix,73.0,mitja,3.5,0.0,0.0,1,0.5,5.0,5.0,1650.6000000000001,1572.0,22.61095890410959,0.044226341936265595
733,False,Nil,García,36098769M,espanya,madrid,1994-10-26,dona,1893,grup_b,analista_senior,,true,28726,,15.6,,32,30_44,baix,75.0,mitja,3.5,,1.0,1,0.5,,,,,,
734,False,Anna,García,40616453Q,espanya,zaragoza,1971-05-18,home,2397,grup_b,analista_senior,0,,,,13.8,sense_fills,55,45_59,baix,68.0,baix,3.5,0.0,2.0,0,0.5,6.0,6.0,2540.82,2397.0,37.365,0.026763013515321822
740,False,Carlos,Navarro Puig,32984583Y,espanya,sevilla,1978-06-23,home,1486,grup_b,administratiu,0,true,,,22.5,sense_fills,48,45_59,baix,65.0,baix,3.5,0.0,2.0,0,0.5,6.0,6.0,1575.16,1486.0,24.233230769230772,0.0412656492038904
743,False,Marina,Soler Muñoz,75941954K,espanya,murcia,1978-06-20,dona,1539,grup_b,responsable_de_vendes,1,,,,,amb_fills,48,45_59,baix,60.0,baix,3.5,1.5,2.0,0,0.5,7.5,7.5,1654.425,769.5,27.57375,0.07253275307130877
746,False,Pau,Ramos,53941883H,espanya,girona,,dona,1825,grup_b,tecnic_it,,,,,15.6,,,,baix,66.0,baix,3.5,,,0,0.5,,,,,,
749,False,Aina,Álvarez,99079258Z,espanya,palma,,home,1850,grup_b,responsable_de_vendes,,,,,17.0,,,,baix,73.0,mitja,3.5,,,1,0.5,,,,,,
750,False,Sergio,Ramos,52715309K,espanya,valencia,1960-11-18,home,1412,grup_b,analista_dades,1,true,,,20.2,amb_fills,66,60_mes,baix,70.0,mitja,3.5,1.5,1.5,1,0.5,8.0,8.0,1524.96,706.0,21.78514285714286,0.09180568670653656
750,False,Sergio,Ramos,52715309K,espanya,valencia,1960-11-18,home,1412,grup_b,analista_dades,1,true,,,20.2,amb_fills,66,60_mes,baix,55.0,baix,3.5,1.5,1.5,0,0.5,7.0,7.0,1510.8400000000001,706.0,27.469818181818184,0.07280718011172592
751,False,Aina,Ribera,43716263M,espanya,valencia,1979-06-09,dona,1636,grup_b,tecnic_it,,true,,,,,47,45_59,baix,70.0,mitja,3.5,,2.0,1,0.5,,,,,,
751,False,Aina,Ribera,43716263M,espanya,valencia,1979-06-09,dona,1636,grup_b,tecnic_it,,true,,,,,47,45_59,baix,55.0,baix,3.5,,2.0,0,0.5,,,,,,
752,False,Jordi,Roca,12098146L,espanya,malaga,1982-09-11,home,1825,grup_b,administratiu,2,,,,18.5,amb_fills,44,30_44,baix,68.35714285714286,baix,3.5,1.5,1.0,0,0.5,6.5,6.5,1943.625,608.3333333333334,28.4333855799373,0.1055097709544941
753,False,Finn,Schröder,54777065H,alemanya,munchen,1970-09-27,dona,1519,grup_b,analista_senior,3,true,,,8.0,amb_fills,56,45_59,baix,82.0,alt,3.5,1.5,2.0,2,0.5,9.5,9.5,1663.305,379.75,20.28420731707317,0.1971977478574284
756,False,Marina,Díaz Vila,88709772L,espanya,valladolid,1997-07-13,dona,1499,grup_b,cap_de_projecte,,false,,,9.5,,29,18_29,baix,64.0,baix,3.5,,0.0,0,0.5,,,,,,
760,False,Carlos,Puig,34399341M,espanya,girona,1969-01-11,dona,1939,grup_b,analista_dades,2,,,,14.8,amb_fills,57,45_59,baix,66.0,baix,3.5,1.5,2.0,0,0.5,7.5,7.5,2084.4249999999997,646.3333333333334,31.582196969696966,0.09499022512203606
762,False,Arthur,Richard,45035917P,frança,nice,1959-10-11,dona,1318,grup_b,responsable_de_vendes,0,,,,17.0,sense_fills,67,60_mes,baix,75.0,mitja,3.5,0.0,1.5,1,0.5,6.5,6.5,1403.6699999999998,1318.0,18.7156,0.053431362072281954
767,False,Guillem,Vidal,16498347C,espanya,sevilla,1965-03-13,home,1364,grup_b,analista_dades,,,,,16.7,,61,60_mes,baix,65.0,baix,3.5,,1.5,0,0.5,,,,,,
769,False,Guillem,Gómez,30083236D,espanya,barcelona,1977-09-04,dona,1307,grup_b,analista_dades,0,true,,,15.3,sense_fills,49,45_59,baix,78.0,mitja,3.5,0.0,2.0,1,0.5,7.0,7.0,1398.49,1307.0,17.929358974358973,0.0557744424343399
771,False,Lucas,Robert Martin,30960858T,frança,lille,1962-12-25,home,1348,grup_b,analista_dades,,false,,,12.4,,64,60_mes,baix,71.0,mitja,3.5,,1.5,1,0.5,,,,,,
772,False,Pau,Romero Vidal,47768705Q,espanya,girona,1972-03-05,dona,1314,grup_b,analista_dades,0,,,,,sense_fills,54,45_59,baix,66.0,baix,3.5,0.0,2.0,0,0.5,6.0,6.0,1392.8400000000001,1314.0,21.103636363636365,0.04738519858705953
773,False,Marta,Puig,51373866L,espanya,a_coruña,,home,1833,grup_b,analista_dades,3,true,,,13.8,amb_fills,,,baix,69.0,baix,3.5,1.5,,0,0.5,,,,458.25,,
777,False,Irene,Gómez,68716883N,espanya,a_coruña,1986-05-27,dona,1319,grup_b,tecnic_it,0,false,,,,sense_fills,40,30_44,baix,69.0,baix,3.5,0.0,1.0,0,0.5,5.0,5.0,1384.95,1319.0,20.071739130434782,0.049821293187479694
780,False,Núria,Soler Romero,23697646J,espanya,a_coruña,1993-12-10,home,1405,grup_b,tecnic_it,,false,,,18.4,,33,30_44,baix,69.0,baix,3.5,,1.0,0,0.5,,,,,,
784,False,Riccardo,Rossi,16284386J,italia,firenze,1959-05-18,dona,1920,grup_b,responsable_de_vendes,2,true,,,42.0,amb_fills,67,60_mes,baix,77.0,mitja,3.5,1.5,1.5,1,0.5,8.0,8.0,2073.6000000000004,640.0,26.929870129870135,0.11140046296296294
789,False,Thomas,Fournier,24490208F,frança,toulouse,1971-12-14,dona,1843,grup_b,analista_senior,0,false,,,13.5,sense_fills,55,45_59,baix,75.0,mitja,3.5,0.0,2.0,1,0.5,7.0,7.0,1972.0100000000002,1843.0,26.29346666666667,0.03803226149968813
790,False,Xavier,Gómez Hernández,26719412L,espanya,barcelona,1989-03-09,home,1727,grup_b,analista_junior,0,,,,21.1,sense_fills,37,30_44,baix,78.0,mitja,3.5,0.0,1.0,1,0.5,6.0,6.0,1830.6200000000001,1727.0,23.46948717948718,0.042608515147873394
791,False,Alexia,Ferrer,44721033L,espanya,palma,1962-09-05,home,1146,grup_b,analista,0,false,,,20.6,sense_fills,64,60_mes,baix,73.0,mitja,3.5,0.0,1.5,1,0.5,6.5,6.5,1220.49,1146.0,16.71904109589041,0.0598120427041598
792,False,lise,Richard,92740956K,frança,nantes,1974-09-14,home,2235,grup_b,analista_senior,,false,,,13.4,,52,45_59,baix,75.0,mitja,3.5,,2.0,1,0.5,,,,,,
793,False,Aina,Moreno,90410932K,espanya,a_coruña,1965-10-05,dona,1774,grup_b,analista_dades,0,true,,,12.9,sense_fills,61,60_mes,baix,69.0,baix,3.5,0.0,1.5,0,0.5,5.5,5.5,1871.57,1774.0,27.124202898550724,0.03686744284210583
794,False,Irene,Fernández Ruiz,23422888Q,espanya,tarragona,2003-11-05,home,2170,grup_b,cap_de_projecte,1,,,,17.7,amb_fills,23,18_29,baix,67.0,baix,3.5,1.5,0.0,0,0.5,5.5,5.5,2289.35,1085.0,34.169402985074626,0.05853189770022059
795,False,Luca,Zimmermann Schmidt,46771858V,alemanya,frankfurt,1982-07-22,no_consta,1634,grup_b,tecnic_it,0,false,,,,sense_fills,44,30_44,baix,80.0,alt,3.5,0.0,1.0,2,0.5,7.0,7.0,1748.38,1634.0,21.854750000000003,0.04575664329264805
796,False,Sara,Navarro,77970791L,espanya,barcelona,1978-04-07,home,1497,grup_b,analista,,,,,14.2,,48,45_59,baix,78.0,mitja,3.5,,2.0,1,0.5,,,,,,
801,False,Simone,Conti,67611249P,italia,napoli,1975-01-02,dona,1849,grup_b,cap_de_projecte,0,true,,,19.0,sense_fills,51,45_59,baix,65.0,baix,3.5,0.0,2.0,0,0.5,6.0,6.0,1959.94,1849.0,30.152923076923077,0.03316428053920018
802,False,Pol,Ferrer,21390627Z,espanya,tarragona,1997-12-27,dona,1785,grup_b,administratiu,0,true,,,14.1,sense_fills,29,18_29,baix,67.0,baix,3.5,0.0,0.0,0,0.5,4.0,4.0,1856.4,1785.0,27.707462686567165,0.03609135962077138
804,False,Núria,Torres,33119000P,espanya,zaragoza,1962-07-12,dona,1846,grup_b,cap_de_projecte,1,,,,42.0,amb_fills,64,60_mes,baix,68.0,baix,3.5,1.5,1.5,0,0.5,7.0,7.0,1975.22,923.0,29.04735294117647,0.06885308978240398
805,False,Riccardo,Lombardi Conti,82025376Z,italia,napoli,1996-02-05,no_consta,1993,grup_b,cap_de_projecte,0,,,,18.5,sense_fills,30,30_44,baix,65.0,baix,3.5,0.0,1.0,0,0.5,5.0,5.0,2092.65,1993.0,32.19461538461539,0.03106109478412539
806,False,Oriol,Vidal,70319344K,espanya,malaga,1964-05-27,dona,1203,grup_b,analista_dades,,true,,,16.3,,62,60_mes,baix,68.35714285714286,baix,3.5,,1.5,0,0.5,,,,,,
808,False,Riccardo,Mancini Russo,84908042K,italia,genova,1990-11-20,home,1319,grup_b,responsable_de_vendes,0,true,,,15.2,sense_fills,36,30_44,baix,72.0,mitja,3.5,0.0,1.0,1,0.5,6.0,6.0,1398.14,1319.0,19.41861111111111,0.05149698885662379
818,False,Núria,Ribera,67365150W,espanya,murcia,,dona,1350,grup_b,cap_de_projecte,0,false,,,18.5,sense_fills,,,baix,60.0,baix,3.5,0.0,,0,0.5,,,,1350.0,,
819,False,Alba,Roca Ramos,53919906E,espanya,girona,1977-09-23,dona,1640,grup_b,cap_de_projecte,1,false,,,16.3,amb_fills,49,45_59,baix,66.0,baix,3.5,1.5,2.0,0,0.5,7.5,7.5,1763.0,820.0,26.71212121212121,0.07487237663074305
826,False,Alba,Torres Navarro,83919680R,espanya,barcelona,1966-08-20,dona,1778,grup_b,administratiu,2,true,,,38.0,amb_fills,60,60_mes,baix,78.0,mitja,3.5,1.5,1.5,1,0.5,8.0,8.0,1920.2400000000002,592.6666666666666,24.618461538461542,0.12185976752905885
829,False,Aina,Martínez,26818338E,espanya,palma,1988-09-09,no_consta,2147,grup_b,analista,,true,30000,12.9,19.4,,38,30_44,alt,73.0,mitja,3.5,,1.0,1,-0.5,,,,,,
830,False,Giulia,Ferrari,62501008M,italia,firenze,,dona,1691,grup_b,cap_de_projecte,0,true,22166,4.4,15.6,sense_fills,,,alt,77.0,mitja,3.5,0.0,,1,-0.5,,,,1691.0,,
832,False,Marie,Koch,34973630W,alemanya,stuttgart,,dona,2009,grup_b,analista_dades,1,true,29464,,11.7,amb_fills,,,baix,79.0,mitja,3.5,1.5,,1,0.5,,,,1004.5,,
850,False,Alba,Muñoz,83683223Z,espanya,las_palmas_de_gran_canaria,1965-02-12,dona,1644,grup_b,analista_junior,3,true,,,22.1,amb_fills,61,60_mes,baix,62.0,baix,3.5,1.5,1.5,0,0.5,7.0,7.0,1759.0800000000002,411.0,28.37225806451613,0.14098278645655682
854,False,Camille,Fournier,43035177B,frança,marseille,1998-08-26,dona,1929,grup_b,analista_dades,0,true,30000,25.0,10.4,sense_fills,28,18_29,alt,72.0,mitja,3.5,0.0,0.0,1,-0.5,4.0,4.0,2006.16,1929.0,27.863333333333333,0.035889460461777725
857,False,David,Vila Álvarez,45253038G,espanya,bilbao,1978-08-25,dona,1349,grup_b,analista_dades,0,,,,6.7,sense_fills,48,45_59,baix,72.0,mitja,3.5,0.0,2.0,1,0.5,7.0,7.0,1443.43,1349.0,20.04763888888889,0.049881185786633225
862,False,Alejandro,Díaz Fernández,93255820N,espanya,madrid,2003-07-29,dona,1989,grup_b,responsable_de_vendes,,true,30000,13.1,16.5,,23,18_29,alt,75.0,mitja,3.5,,0.0,1,-0.5,,,,,,
865,False,Felix,Müller,63102334D,alemanya,frankfurt,1984-09-15,no_consta,2025,grup_b,cap_de_projecte,,true,20000,8.9,10.2,,42,30_44,alt,80.0,alt,3.5,,1.0,2,-0.5,,,,,,
867,False,Joana,Muñoz,24780319M,espanya,barcelona,1969-06-12,dona,1957,grup_b,analista_dades,1,,,,17.6,amb_fills,57,45_59,baix,78.0,mitja,3.5,1.5,2.0,1,0.5,8.5,8.5,2123.345,978.5,27.222371794871794,0.07346898407936535
875,False,Joana,Ribera Vila,97754046W,espanya,girona,1995-01-05,no_consta,1495,grup_b,responsable_de_vendes,1,false,,,12.9,amb_fills,31,30_44,baix,66.0,baix,3.5,1.5,1.0,0,0.5,6.5,6.5,1592.175,747.5,24.123863636363637,0.08290545951293042
878,False,Jonas,Wagner Meyer,44670469S,alemanya,frankfurt,1995-09-25,dona,1629,grup_b,analista_dades,0,false,,,38.0,sense_fills,31,30_44,baix,80.0,alt,3.5,0.0,1.0,2,0.5,7.0,7.0,1743.0300000000002,1629.0,21.787875000000003,0.045897087256100005
879,False,Guillem,Casals Martínez,65510726P,espanya,valencia,1961-08-27,home,1417,grup_b,responsable_de_vendes,,false,,,,,65,60_mes,baix,70.0,mitja,3.5,,1.5,1,0.5,,,,,,
879,False,Guillem,Casals Martínez,65510726P,espanya,valencia,1961-08-27,home,1417,grup_b,responsable_de_vendes,,false,,,,,65,60_mes,baix,55.0,baix,3.5,,1.5,0,0.5,,,,,,
885,False,Léa,Garcia,95182735K,frança,nantes,1969-07-14,dona,1831,grup_b,analista_senior,4,true,,,14.1,amb_fills,57,45_59,baix,75.0,mitja,3.5,1.5,2.0,1,0.5,8.5,8.5,1986.635,366.2,26.488466666666667,0.18876139804241845
887,False,Alessandro,Costa,93540199D,italia,genova,1999-07-06,dona,1310,grup_b,analista_dades,0,,,,13.5,sense_fills,27,18_29,baix,72.0,mitja,3.5,0.0,0.0,1,0.5,5.0,5.0,1375.5,1310.0,19.104166666666668,0.05234460196292257
888,False,Marina,Ruiz,87027101V,espanya,girona,1960-01-09,no_consta,1549,grup_b,analista_senior,2,true,,,11.3,amb_fills,66,60_mes,baix,66.0,baix,3.5,1.5,1.5,0,0.5,7.0,7.0,1657.43,516.3333333333334,25.112575757575758,0.11946205872947877
889,False,Charlotte,Klein,88228686A,alemanya,dusseldorf,,dona,1166,grup_b,administratiu,2,,,,8.2,amb_fills,,,baix,77.5,mitja,3.5,1.5,,1,0.5,,,,388.6666666666667,,
896,False,Marina,Ruiz Díaz,35484177G,espanya,palma,,dona,1870,grup_b,analista_dades,0,true,,,17.7,sense_fills,,,baix,73.0,mitja,3.5,0.0,,1,0.5,,,,1870.0,,
897,False,Irene,Sánchez,88114875M,espanya,palma,1998-12-12,dona,1687,grup_b,analista,,true,30000,25.0,10.9,,28,18_29,alt,73.0,mitja,3.5,,0.0,1,-0.5,,,,,,
898,False,Marie,Roux,76770443M,frança,lille,1977-06-22,no_consta,1353,grup_b,analista,4,true,25193,,9.4,amb_fills,49,45_59,baix,71.0,mitja,3.5,1.5,2.0,1,0.5,8.5,8.5,1468.0049999999999,270.6,20.676126760563378,0.24182478942510416
900,False,Mia,Wolf,84255393L,alemanya,frankfurt,1959-09-01,home,2100,grup_b,responsable_de_vendes,1,false,,,9.2,amb_fills,67,60_mes,baix,80.0,alt,3.5,1.5,1.5,2,0.5,9.0,9.0,2289.0,1050.0,28.6125,0.06989951944080385
902,False,Giulia,Moretti Rizzo,25873604R,italia,firenze,1958-06-06,home,1721,grup_b,analista_dades,1,true,,,10.5,amb_fills,68,60_mes,baix,77.0,mitja,3.5,1.5,1.5,1,0.5,8.0,8.0,1858.68,860.5,24.1387012987013,0.08285449889168657
903,False,David,Fernández,99490648V,espanya,a_coruña,1979-08-10,home,2056,grup_b,analista_senior,0,false,,,15.1,sense_fills,47,45_59,baix,69.0,baix,3.5,0.0,2.0,0,0.5,6.0,6.0,2179.36,2056.0,31.584927536231884,0.031660671022685556
905,False,Alexia,Torres,73364738M,espanya,las_palmas_de_gran_canaria,1999-02-17,no_consta,1198,grup_b,tecnic_it,,,,,21.7,,27,18_29,baix,62.0,baix,3.5,,0.0,0,0.5,,,,,,
906,False,Paul,Hoffmann Braun,99290377X,alemanya,frankfurt,,home,1740,grup_b,tecnic_it,,true,,,12.6,,,,baix,80.0,alt,3.5,,,2,0.5,,,,,,
909,False,Sergio,Gómez Soler,51960195A,espanya,las_palmas_de_gran_canaria,2001-06-05,dona,1635,grup_b,tecnic_it,1,true,,,21.7,amb_fills,25,18_29,baix,62.0,baix,3.5,1.5,0.0,0,0.5,5.5,5.5,1724.925,817.5,27.821370967741935,0.07188718350073192
912,False,Sergio,Soler Gómez,53850908K,espanya,valencia,2002-05-14,home,1782,grup_b,analista_senior,0,,,,,sense_fills,24,18_29,baix,70.0,mitja,3.5,0.0,0.0,1,0.5,5.0,5.0,1871.1000000000001,1782.0,26.73,0.03741114852225963
912,False,Sergio,Soler Gómez,53850908K,espanya,valencia,2002-05-14,home,1782,grup_b,analista_senior,0,,,,,sense_fills,24,18_29,baix,55.0,baix,3.5,0.0,0.0,0,0.5,4.0,4.0,1853.28,1782.0,33.696,0.029677113010446343
913,False,Nil,Hernández,60855083M,espanya,sevilla,1988-08-24,home,1331,grup_b,tecnic_it,0,,,,17.6,sense_fills,38,30_44,baix,65.0,baix,3.5,0.0,1.0,0,0.5,5.0,5.0,1397.55,1331.0,21.50076923076923,0.04650996386533577
921,False,Anna,Pérez Serra,81260169S,espanya,barcelona,1983-02-11,home,1927,grup_b,analista_senior,3,,,,16.6,amb_fills,43,30_44,baix,78.0,mitja,3.5,1.5,1.0,1,0.5,7.5,7.5,2071.525,481.75,26.558012820512822,0.15061367832876746
925,False,Marco,Russo Lombardi,11110324P,italia,firenze,1966-08-07,home,1529,grup_b,analista_dades,0,false,,,15.0,sense_fills,60,60_mes,baix,77.0,mitja,3.5,0.0,1.5,1,0.5,6.5,6.5,1628.385,1529.0,21.14785714285714,0.04728611477015571
931,False,Hannah,Hoffmann,84896302S,alemanya,hamburg,1995-12-24,dona,1575,grup_b,analista_dades,3,false,,,8.9,amb_fills,31,30_44,baix,78.0,mitja,3.5,1.5,1.0,1,0.5,7.5,7.5,1693.125,393.75,21.70673076923077,0.18427464008859357
932,False,Anna,Serra,81614472L,espanya,murcia,1984-02-04,dona,1530,grup_b,administratiu,0,true,20000,6.5,,sense_fills,42,30_44,alt,60.0,baix,3.5,0.0,1.0,0,-0.5,4.0,4.0,1591.2,1530.0,26.52,0.03770739064856712
940,False,Ben,Richter,91594909C,alemanya,berlin,1991-04-13,dona,1567,grup_b,analista_dades,4,true,,,10.7,amb_fills,35,30_44,baix,76.0,mitja,3.5,1.5,1.0,1,0.5,7.5,7.5,1684.5249999999999,313.4,22.164802631578947,0.22558287944672833
942,False,Marie,Becker,86737279H,alemanya,dusseldorf,1958-09-17,dona,1421,grup_b,analista_junior,0,,,,9.2,sense_fills,68,60_mes,baix,77.5,mitja,3.5,0.0,1.5,1,0.5,6.5,6.5,1513.365,1421.0,19.527290322580644,0.05121038216160675
944,False,Carmen,Martínez Puig,39409531F,espanya,zaragoza,1995-09-09,dona,1531,grup_b,tecnic_it,1,,,,12.7,amb_fills,31,30_44,baix,68.0,baix,3.5,1.5,1.0,0,0.5,6.5,6.5,1630.5149999999999,765.5,23.97816176470588,0.08340922959923706
945,False,Aina,Moreno,35382259C,espanya,girona,1977-03-01,dona,2179,grup_b,cap_de_projecte,2,false,,,-5.0,amb_fills,49,45_59,baix,66.0,baix,3.5,1.5,2.0,0,0.5,7.5,7.5,2342.4249999999997,726.3333333333334,35.49128787878787,0.08452778637523081
953,False,Jonas,Müller Fischer,74877175D,alemanya,koln,1977-09-19,dona,1501,grup_b,analista_dades,4,false,,,,amb_fills,49,45_59,baix,77.5,mitja,3.5,1.5,2.0,1,0.5,8.5,8.5,1628.585,300.2,21.014,0.23793661368611402
958,False,Alba,Vidal,47047110R,espanya,las_palmas_de_gran_canaria,1961-02-03,dona,1188,grup_b,analista_dades,0,false,,,20.7,sense_fills,65,60_mes,baix,62.0,baix,3.5,0.0,1.5,0,0.5,5.5,5.5,1253.34,1188.0,20.21516129032258,0.049467821979670326
962,False,David,García,77176147R,espanya,bilbao,1981-06-15,dona,1762,grup_b,analista,0,true,,,13.1,sense_fills,45,45_59,baix,72.0,mitja,3.5,0.0,2.0,1,0.5,7.0,7.0,1885.3400000000001,1762.0,26.18527777777778,0.03818939819873338
964,False,Oriol,Puig Fernández,44631884M,espanya,barcelona,1999-09-25,home,1666,grup_b,analista_dades,2,false,,,14.8,amb_fills,27,18_29,baix,78.0,mitja,3.5,1.5,0.0,1,0.5,6.5,6.5,1774.29,555.3333333333334,22.747307692307693,0.13188373941125747
966,False,Nicolas,Michel Robert,26412074X,frança,bordeaux,1995-07-28,dona,1692,grup_b,responsable_de_vendes,0,true,,,12.8,sense_fills,31,30_44,baix,73.0,mitja,3.5,0.0,1.0,1,0.5,6.0,6.0,1793.52,1692.0,24.56876712328767,0.040702083054551946
974,False,Marina,Romero Pujol,25303511D,espanya,palma,1997-09-12,no_consta,2004,grup_b,cap_de_projecte,2,false,,,15.9,amb_fills,29,18_29,baix,73.0,mitja,3.5,1.5,0.0,1,0.5,6.5,6.5,2134.2599999999998,668.0,29.23643835616438,0.10261167805234603
975,False,Giulia,Romano,34747698K,italia,torino,,dona,1316,grup_b,tecnic_it,,true,20000,9.1,38.0,,,,alt,74.0,mitja,3.5,,,1,-0.5,,,,,,
976,False,Carlos,Gómez Navarro,40048229A,espanya,sevilla,1975-07-19,dona,2000,grup_b,responsable_de_vendes,0,false,,,15.7,sense_fills,51,45_59,baix,65.0,baix,3.5,0.0,2.0,0,0.5,6.0,6.0,2120.0,2000.0,32.61538461538461,0.030660377358490566
978,False,Adrià,Martínez Romero,54443205M,espanya,murcia,1986-07-21,home,1989,grup_b,responsable_de_vendes,,,,,16.2,,40,30_44,baix,60.0,baix,3.5,,1.0,0,0.5,,,,,,
979,False,Pol,García,76459478B,espanya,palma,1977-01-14,home,1244,grup_b,cap_de_projecte,1,true,,,,amb_fills,49,45_59,baix,73.0,mitja,3.5,1.5,2.0,1,0.5,8.5,8.5,1349.74,622.0,18.48958904109589,0.10816898069257783
980,False,Ilaria,Ricci Romano,33261698T,italia,roma,1970-04-07,dona,1225,grup_b,analista_dades,,true,,,17.6,,56,45_59,baix,78.0,mitja,3.5,,2.0,1,0.5,,,,,,
985,False,Carlos,Gómez,54542152B,espanya,barcelona,2002-04-28,home,1377,grup_b,analista,,false,,,16.5,,24,18_29,baix,78.0,mitja,3.5,,0.0,1,0.5,,,,,,
986,False,Sara,Navarro,43732173G,espanya,alacant,1996-03-12,home,1903,grup_b,analista_dades,,,,,24.3,,30,30_44,baix,68.0,baix,3.5,,1.0,0,0.5,,,,,,
989,False,Laura,Bauer Zimmermann,34637932B,alemanya,koln,1993-03-06,home,1644,grup_b,analista,,false,,,11.5,,33,30_44,baix,77.5,mitja,3.5,,1.0,1,0.5,,,,,,
992,False,Chloé,Dubois,66354268T,frança,nice,1958-12-02,home,1954,grup_b,analista_dades,1,,,,11.7,amb_fills,68,60_mes,baix,75.0,mitja,3.5,1.5,1.5,1,0.5,8.0,8.0,2110.32,977.0,28.137600000000003,0.07107926759922666
995,True,Alba,Muñoz,97954019T,espanya,bilbao,1983-10-25,dona,1409,grup_b,responsable_de_vendes,0,,,,14.7,sense_fills,43,30_44,baix,72.0,mitja,3.5,0.0,1.0,1,0.5,6.0,6.0,1493.54,1409.0,20.74361111111111,0.04820761412483094
